case_id,region,count,q_fluent_mean,q_v1_mean,q_v2_mean,q_ratio_v1,q_ratio_v2,q_mae_v1,q_mae_v2,q_rmse_v1,q_rmse_v2,q_bias_v1,q_bias_v2,p_ratio_v2,cp_ratio_v2,w_tr_mean,q_lam_mean,q_turb_mean
ma8_a10_h50km,true_nose_cap,3530,99674.48748840795,409597.08382886846,294192.32747218554,4.263293575595193,2.726327709021395,310403.6631536974,202506.95525410262,366057.8332001513,280007.69602272887,309922.59634046047,194517.83998377767,0.781458319540834,0.7699303809905698,0.0,200441.559628216,249683.93059122583
ma8_a10_h50km,leading_edge_near,5264,68266.16891233664,90114.20733884699,22330.416654834044,1.3725465814359965,0.36983814445744784,24863.889212694892,46425.774892738365,35202.44368945791,54203.085910001326,21848.038426510357,-45935.75225750258,0.9926959059475926,1.008199592510684,0.0,108620.65864387628,185438.30369358163
ma8_a10_h50km,aft_body,653,28462.473676370602,24776.6826340901,12112.327668526541,0.8680792366283357,0.4236668482032188,13452.512273096621,17490.345838062374,19636.80740439587,17911.930848375312,-3685.7910422805003,-16350.146007844058,1.2142776843856204,1.2475458615760726,0.08116385911179173,18761.09685505967,95655.60355081048
ma8_a10_h50km,windward_body,969,32008.807124932922,33284.064659976495,19646.75080094942,1.0679174474422106,0.6302089823598239,9036.545748815628,13253.357978609341,12513.657712423794,14563.923535783466,1275.2575350435752,-12362.056323983501,1.204132528093016,1.2350185991197775,0.0,33284.064659976495,121276.63236648527
