case_id,region,q_ratio_v2,q_fluent_over_lam,q_fluent_over_turb,w_tr_mean,re_edge_mean,re_edge_min,re_edge_max
ma6_a5_h30km,true_nose_cap,2.3545684555196558,0.7878954774405951,0.4828489785666485,0.0,78708.44054513845,36640.01622275355,469010.42878877005
ma6_a5_h30km,leading_edge_near,0.4975104505122761,5.449974423595552,1.0480824308329109,0.19281914893617022,699248.4171645211,20070.585956843493,5214629.330990666
ma6_a5_h30km,aft_body,1.563875634211754,4.865143023401406,0.6483100734239285,1.0,6612657.844480725,3434498.1668718182,9295434.590715446
ma6_a5_h30km,windward_body,2.0208090060297774,2.5733326884582226,0.4772154104953194,0.8844169246646026,2449917.1867518607,432880.37458225497,6197974.179428606
