case_id,region,count,q_fluent_mean,q_v2_mean,q_ratio_v2,q_lam_mean,q_turb_mean,q_fluent_over_lam,q_fluent_over_turb,q_v2_over_lam,q_v2_over_turb,w_tr_mean,w_tr_min,w_tr_max,w_tr_0_frac,w_tr_1_frac,w_tr_01_frac,re_edge_mean,re_edge_min,re_edge_max,p_ratio_v2,cp_ratio_v2,fluent_position,v2_position,smoothing_help
ma6_a5_h30km,true_nose_cap,3530,165104.5919182068,401770.647516529,2.3545684555196558,401770.647516529,362423.33818512765,0.7878954774405951,0.4828489785666485,1.0,0.9263456515009781,0.0,0.0,0.0,100.0,0.0,0.0,78708.44054513845,36640.01622275355,469010.42878877005,0.02549011561607487,0.10287033354572693,below_lam,below_lam,no_fluent_below_lam
ma6_a5_h30km,leading_edge_near,5264,144555.00983029066,48787.434848550954,0.4975104505122761,30614.829141187394,139503.12466189096,5.449974423595552,1.0480824308329109,2.0466859544275597,0.369818955962296,0.19281914893617022,0.0,1.0,80.71808510638297,19.28191489361702,0.0,699248.4171645211,20070.585956843493,5214629.330990666,0.02940098020596459,0.10427684278369807,above_turb,between_lam_turb,no_already_transitional
ma6_a5_h30km,aft_body,653,65421.85643076571,100953.44345792,1.563875634211754,13482.872635579895,100953.44345792,4.865143023401406,0.6483100734239285,7.5003578248906235,1.0,1.0,1.0,1.0,0.0,100.0,0.0,6612657.844480725,3434498.1668718182,9295434.590715446,0.06266444312896945,0.09918126687244012,between_lam_turb,above_turb,yes
ma6_a5_h30km,windward_body,969,61401.95327975233,118481.35935301709,2.0208090060297774,26828.213734278805,132939.8194303688,2.5733326884582226,0.4772154104953194,4.846259697476972,0.9126250939279111,0.8844169246646026,0.0,1.0,11.55830753353973,88.44169246646027,0.0,2449917.1867518607,432880.37458225497,6197974.179428606,0.06784266824090546,0.10141847112363903,between_lam_turb,between_lam_turb,no_already_transitional
