case_id,region,q_ratio_v2,q_fluent_over_lam,q_fluent_over_turb,w_tr_mean,re_edge_mean,re_edge_min,re_edge_max
ma8_a10_h50km,true_nose_cap,2.726327709021395,0.6082228823277069,0.7599987998107612,0.0,1922.0963550699266,973.825472193599,10236.32114387942
ma8_a10_h50km,leading_edge_near,0.36983814445744784,3.3661072816515074,1.3094362645617026,0.0,16331.43729114295,503.3100856064237,122595.62558157719
ma8_a10_h50km,aft_body,0.4236668482032188,2.8918755938808585,0.758358632117485,0.08116385911179173,148549.80827806855,85157.63765619876,213463.60516933908
ma8_a10_h50km,windward_body,0.6302089823598239,1.768029700610913,0.6551144292091811,0.0,63506.760475731004,8902.497086807849,141304.12971393173
