case_id,region,count,q_fluent_mean,q_v2_mean,q_ratio_v2,q_lam_mean,q_turb_mean,q_fluent_over_lam,q_fluent_over_turb,q_v2_over_lam,q_v2_over_turb,w_tr_mean,w_tr_min,w_tr_max,w_tr_0_frac,w_tr_1_frac,w_tr_01_frac,re_edge_mean,re_edge_min,re_edge_max,p_ratio_v2,cp_ratio_v2,fluent_position,v2_position,smoothing_help
ma8_a10_h50km,true_nose_cap,3530,99674.48748840795,294192.32747218554,2.726327709021395,294192.32747218554,134852.94965083504,0.6082228823277069,0.7599987998107612,1.0,1.8223448857427553,0.0,0.0,0.0,100.0,0.0,0.0,1922.0963550699266,973.825472193599,10236.32114387942,0.0060860412066247194,0.18554067812332667,below_lam,below_lam,no_fluent_below_lam
ma8_a10_h50km,leading_edge_near,5264,68266.16891233664,22330.416654834044,0.36983814445744784,22330.416654834044,51539.113921054464,3.3661072816515074,1.3094362645617026,1.0,0.41067839578289184,0.0,0.0,0.0,100.0,0.0,0.0,16331.43729114295,503.3100856064237,122595.62558157719,0.008898557447922567,0.18583103932627326,above_turb,below_lam,no_fluent_above_turb
ma8_a10_h50km,aft_body,653,28462.473676370602,12112.327668526541,0.4236668482032188,9863.583713500388,37524.351401703316,2.8918755938808585,0.758358632117485,1.2386106180426488,0.3232380877958389,0.08116385911179173,0.0,1.0,91.88361408882083,8.116385911179174,0.0,148549.80827806855,85157.63765619876,213463.60516933908,0.020746743353941863,0.18001729284368756,between_lam_turb,between_lam_turb,no_already_transitional
ma8_a10_h50km,windward_body,969,32008.807124932922,19646.75080094942,0.6302089823598239,19646.75080094942,49568.879450209984,1.768029700610913,0.6551144292091811,1.0,0.38765166303272014,0.0,0.0,0.0,100.0,0.0,0.0,63506.760475731004,8902.497086807849,141304.12971393173,0.018863560799323612,0.18457337862418996,between_lam_turb,below_lam,yes
