case_id,region,q_ratio_v2,q_fluent_over_lam,q_fluent_over_turb,w_tr_mean,re_edge_mean,re_edge_min,re_edge_max
ma8_a5_h30km,true_nose_cap,2.4591096653345303,0.7204921498658978,0.43814604719972466,0.0,96117.71309642994,44550.32498510623,578365.1633478496
ma8_a5_h30km,leading_edge_near,0.6049559876856787,5.074346577400879,0.9550447192420937,0.20687689969604864,848006.6801660736,24403.677159499086,6299017.224292493
ma8_a5_h30km,aft_body,1.8814065927757007,4.178158895706422,0.5423410023308266,1.0,8017159.032721483,4092821.643156161,11299326.002513781
ma8_a5_h30km,windward_body,2.548046282437446,2.155982084133843,0.38887377426658193,0.9029927760577915,2967671.855781506,534351.8902121576,7555161.519986627
