case_id,region,count,q_fluent_mean,q_v2_mean,q_ratio_v2,q_lam_mean,q_turb_mean,q_fluent_over_lam,q_fluent_over_turb,q_v2_over_lam,q_v2_over_turb,w_tr_mean,w_tr_min,w_tr_max,w_tr_0_frac,w_tr_1_frac,w_tr_01_frac,re_edge_mean,re_edge_min,re_edge_max,p_ratio_v2,cp_ratio_v2,fluent_position,v2_position,smoothing_help
ma8_a5_h30km,true_nose_cap,3530,379888.78810365434,977615.980233019,2.4591096653345303,977615.980233019,906353.2500079966,0.7204921498658978,0.43814604719972466,1.0,0.9014989213156175,0.0,0.0,0.0,100.0,0.0,0.0,96117.71309642994,44550.32498510623,578365.1633478496,0.017296241146703237,0.10287033354572693,below_lam,below_lam,no_fluent_below_lam
ma8_a5_h30km,leading_edge_near,5264,330507.0404875627,124193.79954410646,0.6049559876856787,74584.6909491329,349467.8421047541,5.074346577400879,0.9550447192420937,2.1378267608270347,0.3761791743412698,0.20687689969604864,0.0,1.0,79.31231003039514,20.687689969604865,0.0,848006.6801660736,24403.677159499086,6299017.224292493,0.02010386298806723,0.10427684278369807,between_lam_turb,between_lam_turb,no_already_transitional
ma8_a5_h30km,aft_body,653,136581.77579828486,251884.09184200905,1.8814065927757007,32775.35166054984,251884.09184200905,4.178158895706422,0.5423410023308266,7.6982722263119925,1.0,1.0,1.0,1.0,0.0,100.0,0.0,8017159.032721483,4092821.643156161,11299326.002513781,0.04669018696397672,0.09918126687244012,between_lam_turb,above_turb,yes
ma8_a5_h30km,windward_body,969,124794.77569974201,301191.3039557068,2.548046282437446,65296.90508488861,332347.6228248684,2.155982084133843,0.38887377426658193,5.032101846465272,0.9259846115146503,0.9029927760577915,0.0,1.0,9.700722394220847,90.29927760577915,0.0,2967671.855781506,534351.8902121576,7555161.519986627,0.05204102122186793,0.10141847112363903,between_lam_turb,between_lam_turb,no_already_transitional
