representative_case,applies_to_phase9_cases,sheet,canonical_index,grid_j,grid_i,x_over_c,y_over_b,x_m,span_m,z_m,failure_reason,projected_candidate_triangle_ids,projected_candidate_max_abs_nz,current_sampler_upper_triangle_id,current_sampler_lower_triangle_id,nearest_any_stl_triangle_id,distance_to_any_stl_projected_support_m,nearest_eligible_skin_triangle_id,nearest_eligible_skin_triangle_sheet_code,distance_to_eligible_skin_support_m,nearest_same_sheet_triangle_id,distance_to_same_sheet_support_m,nearest_outline_segment,outline_region,distance_to_outline_boundary_m,expected_domain,point_classification,representation_classification,unknown
ma8_a10_h40km,12,upper,0,0,0,0,0,-0.00080120690807647063,0,,outside_stl_support,,,,,2495,0.00080088057732273304,1991,1,0.0031569209080764705,1991,0.0031569209080764705,2,nose,7.8392526082314584e-07,outside sheet-specific graph-skin domain,valid_exclusion_from_graph_skin,defect_rectangular_domain_includes_boundary_or_cap,0
ma8_a10_h40km,12,upper,81,1,0,0,0.025000000000000001,0.013652222727272725,0.025775674999999998,,outside_stl_support,,,,,2051,0.00056203112801040637,2089,-1,0.0031792128220070937,2024,0.0033375273181811041,81,nose,0,outside sheet-specific graph-skin domain,valid_exclusion_from_graph_skin,defect_rectangular_domain_includes_boundary_or_cap,0
ma8_a10_h40km,12,upper,162,2,0,0,0.050000000000000003,0.090577615609016976,0.051551349999999996,,outside_stl_support,,,,,4538,0.00030873069383545427,4679,-1,0.0011741497995535089,4505,0.0041023645068312062,181,LE,0,outside sheet-specific graph-skin domain,valid_exclusion_from_graph_skin,defect_rectangular_domain_includes_boundary_or_cap,0
ma8_a10_h40km,12,upper,243,3,0,0,0.075000000000000011,0.16990694735399564,0.077327025000000008,,outside_stl_support,,,,,4538,0.0003087431530729052,4637,-1,0.0011312667402580386,2608,0.0060720991723767518,181,LE,0,outside sheet-specific graph-skin domain,valid_exclusion_from_graph_skin,defect_rectangular_domain_includes_boundary_or_cap,0
ma8_a10_h40km,12,upper,324,4,0,0,0.10000000000000001,0.24923627909897422,0.10310269999999999,,outside_stl_support,,,,,4538,0.00030875561231036611,4627,-1,0.0013257427069910416,4469,0.0054569882958382457,181,LE,0,outside sheet-specific graph-skin domain,valid_exclusion_from_graph_skin,defect_rectangular_domain_includes_boundary_or_cap,0
ma8_a10_h40km,12,upper,405,5,0,0,0.125,0.32856561084395286,0.12887837499999999,,outside_stl_support,,,,,4538,0.00030876807154774918,4627,-1,0.001435163447235139,2330,0.0024280230611143151,181,LE,6.2063353831181828e-17,outside sheet-specific graph-skin domain,valid_exclusion_from_graph_skin,defect_rectangular_domain_includes_boundary_or_cap,0
ma8_a10_h40km,12,upper,486,6,0,0,0.15000000000000002,0.40789494258893155,0.15465405000000002,,outside_stl_support,,,,,4538,0.0003087805307852154,4627,-1,0.0015445841874792067,2330,0.0027578213671003646,181,LE,2.7755575615628914e-17,outside sheet-specific graph-skin domain,valid_exclusion_from_graph_skin,defect_rectangular_domain_includes_boundary_or_cap,0
ma8_a10_h40km,12,upper,567,7,0,0,0.17500000000000002,0.48722427433391013,0.18042972500000001,,outside_stl_support,,,,,4538,0.0003087929900226156,4520,2,0.0010988162569025711,2330,0.0030876196730864232,181,LE,1.1443916996305594e-16,outside sheet-specific graph-skin domain,valid_exclusion_from_graph_skin,defect_rectangular_domain_includes_boundary_or_cap,0
ma8_a10_h40km,12,upper,648,8,0,0,0.20000000000000001,0.56655360607888872,0.20620539999999998,,outside_stl_support,,,,,4538,0.00030880544926006328,4520,2,0.001198490713029992,2287,0.0027005719240463838,181,LE,2.7755575615628914e-17,outside sheet-specific graph-skin domain,valid_exclusion_from_graph_skin,defect_rectangular_domain_includes_boundary_or_cap,0
ma8_a10_h40km,12,upper,729,9,0,0,0.22500000000000001,0.6458829378238673,0.23198107499999998,,outside_stl_support,,,,,4538,0.00030881790849746348,4520,2,0.0012981651691574391,2287,0.0028635021956052555,181,LE,0,outside sheet-specific graph-skin domain,valid_exclusion_from_graph_skin,defect_rectangular_domain_includes_boundary_or_cap,0
ma8_a10_h40km,12,upper,810,10,0,0,0.25,0.72521226956884588,0.25775674999999998,,outside_stl_support,,,,,2217,0.00030883036773497464,4520,2,0.0013978396252848522,2287,0.0030264324671641458,181,LE,0,outside sheet-specific graph-skin domain,valid_exclusion_from_graph_skin,defect_rectangular_domain_includes_boundary_or_cap,0
ma8_a10_h40km,12,upper,891,11,0,0,0.27500000000000002,0.80454160131382457,0.28353242499999998,,outside_stl_support,,,,,4538,0.00030884282697230355,4520,2,0.0014975140814122313,2279,0.0031016695468873449,181,LE,5.5511151231257827e-17,outside sheet-specific graph-skin domain,valid_exclusion_from_graph_skin,defect_rectangular_domain_includes_boundary_or_cap,0
ma8_a10_h40km,12,upper,972,12,0,0,0.30000000000000004,0.88387093305880338,0.30930810000000003,,outside_stl_support,,,,,4538,0.00030885528620982512,4520,2,0.0015971885375396255,2279,0.0031230991572306424,181,LE,1.2412670766236366e-16,outside sheet-specific graph-skin domain,valid_exclusion_from_graph_skin,defect_rectangular_domain_includes_boundary_or_cap,0
ma8_a10_h40km,12,upper,1053,13,0,0,0.32500000000000001,0.96320026480378174,0.33508377499999997,,outside_stl_support,,,,,4538,0.00030886774544721486,4520,2,0.0016968629936670386,2279,0.0031445287675739924,181,LE,2.2887833992611187e-16,outside sheet-specific graph-skin domain,valid_exclusion_from_graph_skin,defect_rectangular_domain_includes_boundary_or_cap,0
ma8_a10_h40km,12,upper,1134,14,0,0,0.35000000000000003,1.0425295965487607,0.36085945000000003,,outside_stl_support,,,,,4538,0.00030888020468459651,4520,2,0.0017965374497944174,2185,0.0022108888372656,181,LE,5.5511151231257827e-17,outside sheet-specific graph-skin domain,valid_exclusion_from_graph_skin,defect_rectangular_domain_includes_boundary_or_cap,0
ma8_a10_h40km,12,upper,1215,15,0,0,0.375,1.121858928293739,0.38663512499999997,,outside_stl_support,,,,,4538,0.00030889266392208648,4520,2,0.0018962119059218118,2185,0.0023540644603881693,181,LE,5.5511151231257827e-17,outside sheet-specific graph-skin domain,valid_exclusion_from_graph_skin,defect_rectangular_domain_includes_boundary_or_cap,0
ma8_a10_h40km,12,upper,1296,16,0,0,0.40000000000000002,1.2011882600387176,0.41241079999999997,,outside_stl_support,,,,,4538,0.00030890512315947085,4520,2,0.0019958863620492592,2185,0.0024972400835108072,181,LE,2.2887833992611187e-16,outside sheet-specific graph-skin domain,valid_exclusion_from_graph_skin,defect_rectangular_domain_includes_boundary_or_cap,0
ma8_a10_h40km,12,upper,1377,17,0,0,0.42500000000000004,1.2805175917836964,0.43818647500000002,,outside_stl_support,,,,,4538,0.00030891758239690801,4520,2,0.0020955608181766907,2185,0.0026404157066333769,181,LE,2.2887833992611187e-16,outside sheet-specific graph-skin domain,valid_exclusion_from_graph_skin,defect_rectangular_domain_includes_boundary_or_cap,0
ma8_a10_h40km,12,upper,1458,18,0,0,0.45000000000000001,1.3598469235286748,0.46396214999999996,,outside_stl_support,,,,,4538,0.00030893004163441381,4520,2,0.0021952352743040853,2185,0.0027835913297560144,181,LE,2.2887833992611187e-16,outside sheet-specific graph-skin domain,valid_exclusion_from_graph_skin,defect_rectangular_domain_includes_boundary_or_cap,0
ma8_a10_h40km,12,upper,1539,19,0,0,0.47500000000000003,1.4391762552736536,0.48973782500000002,,outside_stl_support,,,,,4538,0.00030894250087185092,4520,2,0.0022949097304315325,2185,0.0029267669528785997,181,LE,0,outside sheet-specific graph-skin domain,valid_exclusion_from_graph_skin,defect_rectangular_domain_includes_boundary_or_cap,0
ma8_a10_h40km,12,upper,1620,20,0,0,0.5,1.5185055870186321,0.51551349999999996,,outside_stl_support,,,,,2217,0.00030895496010920368,4520,2,0.0023945841865589111,2185,0.0030699425760011691,181,LE,0,outside sheet-specific graph-skin domain,valid_exclusion_from_graph_skin,defect_rectangular_domain_includes_boundary_or_cap,0
ma8_a10_h40km,12,upper,1701,21,0,0,0.52500000000000002,1.5978349187636107,0.54128917499999996,,outside_stl_support,,,,,4538,0.00030896741934663554,4520,2,0.0024942586426863586,2185,0.0032131181991237917,181,LE,2.4825341532472731e-16,outside sheet-specific graph-skin domain,valid_exclusion_from_graph_skin,defect_rectangular_domain_includes_boundary_or_cap,0
ma8_a10_h40km,12,upper,1782,22,0,0,0.55000000000000004,1.6771642505085891,0.56706484999999995,,outside_stl_support,,,,,4538,0.00030897987858421522,4520,2,0.0025939330988138058,2185,0.003356293822246482,181,LE,4.5775667985222375e-16,outside sheet-specific graph-skin domain,valid_exclusion_from_graph_skin,defect_rectangular_domain_includes_boundary_or_cap,0
ma8_a10_h40km,12,upper,1863,23,0,0,0.57500000000000007,1.7564935822535683,0.59284052500000006,,outside_stl_support,,,,,4538,0.00030899233782154684,4559,2,0.0029666209893068752,2185,0.0034994694453689616,181,LE,0,outside sheet-specific graph-skin domain,valid_exclusion_from_graph_skin,defect_rectangular_domain_includes_boundary_or_cap,0
ma8_a10_h40km,12,upper,1944,24,0,0,0.60000000000000009,1.8358229139985467,0.61861620000000006,,outside_stl_support,,,,,4538,0.00030900479705905259,4559,2,0.003414345372671729,2185,0.0036426450684916524,181,LE,0,outside sheet-specific graph-skin domain,valid_exclusion_from_graph_skin,defect_rectangular_domain_includes_boundary_or_cap,0
ma8_a10_h40km,12,upper,2025,25,0,0,0.625,1.9151522457435251,0.64439187499999995,,outside_stl_support,,,,,4538,0.00030901725629642112,2185,1,0.0037858206916142065,2185,0.0037858206916142065,181,LE,0,outside sheet-specific graph-skin domain,valid_exclusion_from_graph_skin,defect_rectangular_domain_includes_boundary_or_cap,0
ma8_a10_h40km,12,upper,2106,26,0,0,0.65000000000000002,1.9944815774885034,0.67016754999999995,,outside_stl_support,,,,,2217,0.00030902971553396389,2185,1,0.0039289963147368968,2185,0.0039289963147368968,181,LE,0,outside sheet-specific graph-skin domain,valid_exclusion_from_graph_skin,defect_rectangular_domain_includes_boundary_or_cap,0
ma8_a10_h40km,12,upper,2187,27,0,0,0.67500000000000004,2.0738109092334827,0.69594322499999994,,outside_stl_support,,,,,2217,0.00030904217477122683,2185,1,0.0040721719378592402,2185,0.0040721719378592402,181,LE,1.1102230246251565e-16,outside sheet-specific graph-skin domain,valid_exclusion_from_graph_skin,defect_rectangular_domain_includes_boundary_or_cap,0
ma8_a10_h40km,12,upper,2188,27,1,0.012500000000000001,0.67500000000000004,2.092875772868064,0.69594322499999994,,geometric_sheet_mismatch,2184;4633,0.55347427557284912,4633,4633,2184,0,4633,2,0,2187,9.3595387324833855e-05,181,LE,0.0058913694690115176,outside upper graph-skin; lower triangle must never satisfy upper selection,valid_exclusion_from_upper_graph_skin,defect_sampler_sheet_prefilter_missing,0
ma8_a10_h40km,12,upper,2268,28,0,0,0.70000000000000007,2.1531402409784612,0.72171890000000005,,outside_stl_support,,,,,2217,0.00030905463400873263,2185,1,0.0042153475609818629,2185,0.0042153475609818629,181,LE,0,outside sheet-specific graph-skin domain,valid_exclusion_from_graph_skin,defect_rectangular_domain_includes_boundary_or_cap,0
ma8_a10_h40km,12,upper,2349,29,0,0,0.72500000000000009,2.2324695727234403,0.74749457500000005,,outside_stl_support,,,,,2217,0.00030906709324599556,2185,1,0.0043585231841044101,2185,0.0043585231841044101,181,LE,1.1102230246251565e-16,outside sheet-specific graph-skin domain,valid_exclusion_from_graph_skin,defect_rectangular_domain_includes_boundary_or_cap,0
ma8_a10_h40km,12,upper,2430,30,0,0,0.75,2.3117989044684184,0.77327024999999994,,outside_stl_support,,,,,4538,0.00030907955248350136,2185,1,0.0045016988072271689,2185,0.0045016988072271689,181,LE,4.5775667985222375e-16,outside sheet-specific graph-skin domain,valid_exclusion_from_graph_skin,defect_rectangular_domain_includes_boundary_or_cap,0
ma8_a10_h40km,12,upper,2511,31,0,0,0.77500000000000002,2.391128236213397,0.79904592499999993,,outside_stl_support,,,,,2217,0.00030909201172086989,2185,1,0.0046448744303497916,2185,0.0046448744303497916,181,LE,1.1102230246251565e-16,outside sheet-specific graph-skin domain,valid_exclusion_from_graph_skin,defect_rectangular_domain_includes_boundary_or_cap,0
ma8_a10_h40km,12,upper,2512,31,1,0.012500000000000001,0.77500000000000002,2.4062266332607294,0.79904592499999993,,outside_stl_support,2208;4511,0.4479698426015874,,,2208,0,2185,1,3.8657936120963979e-06,2185,3.8657936120963979e-06,181,LE,0.0046656633428168231,outside sheet-specific graph-skin domain,valid_exclusion_from_graph_skin,defect_rectangular_domain_includes_boundary_or_cap,0
ma8_a10_h40km,12,upper,2592,32,0,0,0.80000000000000004,2.4704575679583756,0.82482159999999993,,outside_stl_support,,,,,2217,0.0003091044709584073,2185,1,0.0047880500534723085,2185,0.0047880500534723085,181,LE,1.1102230246251565e-16,outside sheet-specific graph-skin domain,valid_exclusion_from_graph_skin,defect_rectangular_domain_includes_boundary_or_cap,0
ma8_a10_h40km,12,upper,2593,32,1,0.012500000000000001,0.80000000000000004,2.4845643483588957,0.82482159999999993,,outside_stl_support,2208;4522,0.410915873194382,,,2208,0,2185,1,0.00045184870241937747,2185,0.00045184870241937747,181,LE,0.004359236811268115,outside sheet-specific graph-skin domain,valid_exclusion_from_graph_skin,defect_rectangular_domain_includes_boundary_or_cap,0
ma8_a10_h40km,12,upper,2673,33,0,0,0.82500000000000007,2.5757314331024568,0.85059727500000004,,outside_stl_support,,,,,1965,0.00017374145069958078,5748,2,0.0049480491399426134,1975,0.0049652114538227222,182,LE,0,outside sheet-specific graph-skin domain,valid_exclusion_from_graph_skin,defect_rectangular_domain_includes_boundary_or_cap,0
ma8_a10_h40km,12,upper,2674,33,1,0.012500000000000001,0.82500000000000007,2.588522290188676,0.85059727500000004,,outside_stl_support,1966;5758,0.33304844071967621,,,1966,0,5748,2,0.0027410550243899888,1975,0.0027580928356812666,182,LE,0.0022211074496170571,outside sheet-specific graph-skin domain,valid_exclusion_from_graph_skin,defect_rectangular_domain_includes_boundary_or_cap,0
ma8_a10_h40km,12,upper,2675,33,2,0.025000000000000001,0.82500000000000007,2.6013131472748952,0.85059727500000004,,outside_stl_support,1976;5759,0.42303523083541805,,,1976,0,5748,2,0.00053406090883740772,1975,0.0005509742175397014,182,LE,0.0044422148992341141,outside sheet-specific graph-skin domain,valid_exclusion_from_graph_skin,defect_rectangular_domain_includes_boundary_or_cap,0
ma8_a10_h40km,12,upper,2754,34,0,0,0.85000000000000009,2.721912656944963,0.87637295000000004,,outside_stl_support,,,,,1965,0.0001737281210325828,5748,2,0.0051143428177011872,1975,0.0051300382941344138,182,LE,0,outside sheet-specific graph-skin domain,valid_exclusion_from_graph_skin,defect_rectangular_domain_includes_boundary_or_cap,0
ma8_a10_h40km,12,upper,2755,34,1,0.012500000000000001,0.85000000000000009,2.732876248733151,0.87637295000000004,,outside_stl_support,1974;5763,0.25510934315742428,,,1974,0,5748,2,0.0032226335757988885,1975,0.0032382223357274209,182,LE,0.0019038063853860534,outside sheet-specific graph-skin domain,valid_exclusion_from_graph_skin,defect_rectangular_domain_includes_boundary_or_cap,0
ma8_a10_h40km,12,upper,2756,34,2,0.025000000000000001,0.85000000000000009,2.7438398405213391,0.87637295000000004,,outside_stl_support,1977;5759,0.4222343264194478,,,1977,0,5748,2,0.0013309243338965905,1975,0.0013464063773202415,182,LE,0.0038076127707721069,outside sheet-specific graph-skin domain,valid_exclusion_from_graph_skin,defect_rectangular_domain_includes_boundary_or_cap,0
ma8_a10_h40km,12,upper,2835,35,0,0,0.875,2.8680938807874687,0.90214862499999993,,outside_stl_support,,,,,1965,0.00017371479136547548,5748,2,0.0052806364954596507,1975,0.0052948651344460291,182,LE,0,outside sheet-specific graph-skin domain,valid_exclusion_from_graph_skin,defect_rectangular_domain_includes_boundary_or_cap,0
ma8_a10_h40km,12,upper,2836,35,1,0.012500000000000001,0.875,2.8772302072776252,0.90214862499999993,,outside_stl_support,1974;5763,0.25510934315742428,,,1974,0,5748,2,0.0037042121272078217,1975,0.0037183518357734985,182,LE,0.00158650532115505,outside sheet-specific graph-skin domain,valid_exclusion_from_graph_skin,defect_rectangular_domain_includes_boundary_or_cap,0
ma8_a10_h40km,12,upper,2837,35,2,0.025000000000000001,0.875,2.8863665337677822,0.90214862499999993,,outside_stl_support,1977;5759,0.4222343264194478,,,1977,0,5748,2,0.0021277877589558829,1975,0.0021418385371008582,182,LE,0.0031730106423101772,outside sheet-specific graph-skin domain,valid_exclusion_from_graph_skin,defect_rectangular_domain_includes_boundary_or_cap,0
ma8_a10_h40km,12,upper,2838,35,3,0.037500000000000006,0.875,2.8955028602579387,0.90214862499999993,,outside_stl_support,1976;5760,0.42303523083541805,,,1976,0,5748,2,0.00055136339070405312,1975,0.00056532523842836016,182,LE,0.0047595159634652266,outside sheet-specific graph-skin domain,valid_exclusion_from_graph_skin,defect_rectangular_domain_includes_boundary_or_cap,0
ma8_a10_h40km,12,upper,2916,36,0,0,0.90000000000000002,3.0142751046299749,0.92792429999999992,,outside_stl_support,,,,,1965,0.00017370146169847747,5748,2,0.0054469301732181915,1975,0.0054596919747576444,182,LE,0,outside sheet-specific graph-skin domain,valid_exclusion_from_graph_skin,defect_rectangular_domain_includes_boundary_or_cap,0
ma8_a10_h40km,12,upper,2917,36,1,0.012500000000000001,0.90000000000000002,3.0215841658221003,0.92792429999999992,,outside_stl_support,1973;5762,0.25531959950063088,,,1973,0,5748,2,0.0041857906786166446,1975,0.0041984813358195766,182,LE,0.0012692042569240464,outside sheet-specific graph-skin domain,valid_exclusion_from_graph_skin,defect_rectangular_domain_includes_boundary_or_cap,0
ma8_a10_h40km,12,upper,2918,36,2,0.025000000000000001,0.90000000000000002,3.0288932270142257,0.92792429999999992,,outside_stl_support,1966;5758,0.33304844071967621,,,1966,0,5748,2,0.0029246511840151745,1975,0.0029372706968815079,182,LE,0.0025384085138480607,outside sheet-specific graph-skin domain,valid_exclusion_from_graph_skin,defect_rectangular_domain_includes_boundary_or_cap,0
ma8_a10_h40km,12,upper,2919,36,3,0.037500000000000006,0.90000000000000002,3.0362022882063511,0.92792429999999992,,outside_stl_support,1977;5759,0.4222343264194478,,,1977,0,5748,2,0.0016635116894137046,1975,0.0016760600579434394,182,LE,0.0038076127707721069,outside sheet-specific graph-skin domain,valid_exclusion_from_graph_skin,defect_rectangular_domain_includes_boundary_or_cap,0
ma8_a10_h40km,12,upper,2920,36,4,0.050000000000000003,0.90000000000000002,3.043511349398476,0.92792429999999992,,outside_stl_support,1976;5760,0.42303523083541805,,,1976,0,5748,2,0.00040237219481223445,1975,0.00041484941900558968,182,LE,0.0050768170276961214,outside sheet-specific graph-skin domain,valid_exclusion_from_graph_skin,defect_rectangular_domain_includes_boundary_or_cap,0
ma8_a10_h40km,12,upper,2997,37,0,0,0.92500000000000004,3.1604563284724811,0.95369997499999992,,outside_stl_support,,,,,1965,0.00017368813203147949,5748,2,0.0056132238509768425,1975,0.0056245188150691504,182,LE,0,outside sheet-specific graph-skin domain,valid_exclusion_from_graph_skin,defect_rectangular_domain_includes_boundary_or_cap,0
ma8_a10_h40km,12,upper,2998,37,1,0.012500000000000001,0.92500000000000004,3.165938124366575,0.95369997499999992,,outside_stl_support,1973;5762,0.25531959950063088,,,1973,0,5748,2,0.0046673692300256541,1975,0.0046786108358657635,182,LE,0.00095190319269301067,outside sheet-specific graph-skin domain,valid_exclusion_from_graph_skin,defect_rectangular_domain_includes_boundary_or_cap,0
ma8_a10_h40km,12,upper,2999,37,2,0.025000000000000001,0.92500000000000004,3.1714199202606692,0.95369997499999992,,outside_stl_support,1973;5763,0.25531959950063088,,,1973,0,5748,2,0.0037215146090745438,1975,0.0037327028566621571,182,LE,0.0019038063853860534,outside sheet-specific graph-skin domain,valid_exclusion_from_graph_skin,defect_rectangular_domain_includes_boundary_or_cap,0
ma8_a10_h40km,12,upper,3000,37,3,0.037500000000000006,0.92500000000000004,3.176901716154763,0.95369997499999992,,outside_stl_support,1966;5758,0.33304844071967621,,,1966,0,5748,2,0.0027756599881233563,1975,0.0027867948774586608,182,LE,0.0028557095780790643,outside sheet-specific graph-skin domain,valid_exclusion_from_graph_skin,defect_rectangular_domain_includes_boundary_or_cap,0
ma8_a10_h40km,12,upper,3001,37,4,0.050000000000000003,0.92500000000000004,3.1823835120488573,0.95369997499999992,,outside_stl_support,1977;5760,0.41752896878568613,,,1977,0,5748,2,0.0018298053671722454,1975,0.001840886898255164,182,LE,0.0038076127707721069,outside sheet-specific graph-skin domain,valid_exclusion_from_graph_skin,defect_rectangular_domain_includes_boundary_or_cap,0
ma8_a10_h40km,12,upper,3002,37,5,0.0625,0.92500000000000004,3.1878653079429511,0.95369997499999992,,outside_stl_support,1977;5760,0.41752896878568613,,,1977,0,5748,2,0.00088395074622116732,1975,0.00089497891905166739,182,LE,0.0047595159634651173,outside sheet-specific graph-skin domain,valid_exclusion_from_graph_skin,defect_rectangular_domain_includes_boundary_or_cap,0
ma8_a10_h40km,12,upper,3078,38,0,0,0.95000000000000007,3.3066375523149882,0.97947565000000003,,outside_stl_support,,,,,1965,0.00017367480236455863,5748,2,0.0057795175287353824,1975,0.0057893456553807657,182,LE,0,outside sheet-specific graph-skin domain,valid_exclusion_from_graph_skin,defect_rectangular_domain_includes_boundary_or_cap,0
ma8_a10_h40km,12,upper,3079,38,1,0.012500000000000001,0.95000000000000007,3.3102920829110509,0.97947565000000003,,outside_stl_support,1964;5740,0.085953012844385529,,,1964,0,5748,2,0.0051489477814345543,1975,0.0051587403359117318,182,LE,0.00063460212846211644,outside sheet-specific graph-skin domain,valid_exclusion_from_graph_skin,defect_rectangular_domain_includes_boundary_or_cap,0
ma8_a10_h40km,12,upper,3080,38,2,0.025000000000000001,0.95000000000000007,3.3139466135071136,0.97947565000000003,,outside_stl_support,1973;5763,0.25531959950063088,,,1973,0,5748,2,0.0045183780341337262,1975,0.004528135016442697,182,LE,0.0012692042569240464,outside sheet-specific graph-skin domain,valid_exclusion_from_graph_skin,defect_rectangular_domain_includes_boundary_or_cap,0
ma8_a10_h40km,12,upper,3081,38,3,0.037500000000000006,0.95000000000000007,3.3176011441031763,0.97947565000000003,,outside_stl_support,1973;5763,0.25531959950063088,,,1973,0,5748,2,0.0038878082868330078,1975,0.0038975296969737728,182,LE,0.0019038063853860534,outside sheet-specific graph-skin domain,valid_exclusion_from_graph_skin,defect_rectangular_domain_includes_boundary_or_cap,0
ma8_a10_h40km,12,upper,3082,38,4,0.050000000000000003,0.95000000000000007,3.321255674699239,0.97947565000000003,,outside_stl_support,1974;5763,0.25510934315742428,,,1974,0,5748,2,0.0032572385395322565,1975,0.0032669243775046292,182,LE,0.0025384085138480607,outside sheet-specific graph-skin domain,valid_exclusion_from_graph_skin,defect_rectangular_domain_includes_boundary_or_cap,0
ma8_a10_h40km,12,upper,3083,38,5,0.0625,0.95000000000000007,3.3249102052953017,0.97947565000000003,,outside_stl_support,1977;5759,0.4222343264194478,,,1977,0,5748,2,0.0026266687922315377,1975,0.0026363190580357041,182,LE,0.0031730106423101001,outside sheet-specific graph-skin domain,valid_exclusion_from_graph_skin,defect_rectangular_domain_includes_boundary_or_cap,0
ma8_a10_h40km,12,upper,3084,38,6,0.075000000000000011,0.95000000000000007,3.3285647358913639,0.97947565000000003,,outside_stl_support,1977;5760,0.41752896878568613,,,1977,0,5748,2,0.0019960990449308185,1975,0.0020057137385667795,182,LE,0.0038076127707719976,outside sheet-specific graph-skin domain,valid_exclusion_from_graph_skin,defect_rectangular_domain_includes_boundary_or_cap,0
ma8_a10_h40km,12,upper,3085,38,7,0.087500000000000008,0.95000000000000007,3.3322192664874266,0.97947565000000003,,outside_stl_support,1977;5760,0.41752896878568613,,,1977,0,5748,2,0.0013655292976300674,1975,0.0013751084190977451,182,LE,0.0044422148992341141,outside sheet-specific graph-skin domain,valid_exclusion_from_graph_skin,defect_rectangular_domain_includes_boundary_or_cap,0
ma8_a10_h40km,12,upper,3086,38,8,0.10000000000000001,0.95000000000000007,3.3358737970834893,0.97947565000000003,,outside_stl_support,1977;5760,0.41752896878568613,,,1977,0,5748,2,0.00073495955032934859,1975,0.00074450309962871097,182,LE,0.0050768170276962307,outside sheet-specific graph-skin domain,valid_exclusion_from_graph_skin,defect_rectangular_domain_includes_boundary_or_cap,0
ma8_a10_h40km,12,upper,3087,38,9,0.1125,0.95000000000000007,3.339528327679552,0.97947565000000003,,outside_stl_support,1976;5760,0.42303523083541805,,,1976,0,5748,2,0.0001043898030285205,1975,0.00011389778015967665,182,LE,0.0057114191561581608,outside sheet-specific graph-skin domain,valid_exclusion_from_graph_skin,defect_rectangular_domain_includes_boundary_or_cap,0
ma8_a10_h40km,12,upper,3159,39,0,0,0.97500000000000009,3.452818776157494,1.0052513249999999,,outside_stl_support,,,,,1965,0.00017366147269745128,5748,2,0.0059458112064938468,1975,0.0059541724956924573,182,LE,0,outside sheet-specific graph-skin domain,valid_exclusion_from_graph_skin,defect_rectangular_domain_includes_boundary_or_cap,0
ma8_a10_h40km,12,upper,3160,39,1,0.012500000000000001,0.97500000000000009,3.4546460414555251,1.0052513249999999,,outside_stl_support,1964;5740,0.085953012844385529,,,1964,0,5748,2,0.0056305263328434874,1975,0.0056388698359579187,182,LE,0.00031730106423100358,outside sheet-specific graph-skin domain,valid_exclusion_from_graph_skin,defect_rectangular_domain_includes_boundary_or_cap,0
ma8_a10_h40km,12,upper,3161,39,2,0.025000000000000001,0.97500000000000009,3.4564733067535567,1.0052513249999999,,outside_stl_support,1964;5740,0.085953012844385529,,,1964,0,5748,2,0.0053152414591930187,1975,0.0053235671762232378,182,LE,0.00063460212846200715,outside sheet-specific graph-skin domain,valid_exclusion_from_graph_skin,defect_rectangular_domain_includes_boundary_or_cap,0
ma8_a10_h40km,12,upper,3162,39,3,0.037500000000000006,0.97500000000000009,3.4583005720515878,1.0052513249999999,,outside_stl_support,1973;5762,0.25531959950063088,,,1973,0,5748,2,0.004999956585542845,1975,0.0050082645164888848,182,LE,0.00095190319269293359,outside sheet-specific graph-skin domain,valid_exclusion_from_graph_skin,defect_rectangular_domain_includes_boundary_or_cap,0
ma8_a10_h40km,12,upper,3163,39,4,0.050000000000000003,0.97500000000000009,3.4601278373496194,1.0052513249999999,,outside_stl_support,1973;5763,0.25531959950063088,,,1973,0,5748,2,0.0046846717118923771,1975,0.0046929618567543123,182,LE,0.0012692042569241559,outside sheet-specific graph-skin domain,valid_exclusion_from_graph_skin,defect_rectangular_domain_includes_boundary_or_cap,0
ma8_a10_h40km,12,upper,3164,39,5,0.0625,0.97500000000000009,3.4619551026476505,1.0052513249999999,,outside_stl_support,1973;5763,0.25531959950063088,,,1973,0,5748,2,0.0043693868382419076,1975,0.0043776591970197407,182,LE,0.0015865053211551593,outside sheet-specific graph-skin domain,valid_exclusion_from_graph_skin,defect_rectangular_domain_includes_boundary_or_cap,0
ma8_a10_h40km,12,upper,3165,39,6,0.075000000000000011,0.97500000000000009,3.4637823679456821,1.0052513249999999,,outside_stl_support,1973;5763,0.25531959950063088,,,1973,0,5748,2,0.0040541019645914389,1975,0.0040623565372853877,182,LE,0.0019038063853861629,outside sheet-specific graph-skin domain,valid_exclusion_from_graph_skin,defect_rectangular_domain_includes_boundary_or_cap,0
ma8_a10_h40km,12,upper,3166,39,7,0.087500000000000008,0.97500000000000009,3.4656096332437132,1.0052513249999999,,outside_stl_support,1973;5763,0.25531959950063088,,,1973,0,5748,2,0.0037388170909411888,1975,0.0037470538775508161,182,LE,0.0022211074496171664,outside sheet-specific graph-skin domain,valid_exclusion_from_graph_skin,defect_rectangular_domain_includes_boundary_or_cap,0
ma8_a10_h40km,12,upper,3167,39,8,0.10000000000000001,0.97500000000000009,3.4674368985417447,1.0052513249999999,,outside_stl_support,1973;5763,0.25531959950063088,,,1973,0,5748,2,0.0034235322172907205,1975,0.0034317512178162445,182,LE,0.00253840851384817,outside sheet-specific graph-skin domain,valid_exclusion_from_graph_skin,defect_rectangular_domain_includes_boundary_or_cap,0
ma8_a10_h40km,12,upper,3168,39,9,0.1125,0.97500000000000009,3.4692641638397759,1.0052513249999999,,outside_stl_support,1966;5758,0.33304844071967621,,,1966,0,5748,2,0.0031082473436405468,1975,0.0031164485580818914,182,LE,0.0028557095780790964,outside sheet-specific graph-skin domain,valid_exclusion_from_graph_skin,defect_rectangular_domain_includes_boundary_or_cap,0
ma8_a10_h40km,12,upper,3169,39,10,0.125,0.97500000000000009,3.4710914291378074,1.0052513249999999,,outside_stl_support,1977;5760,0.41752896878568613,,,1977,0,5748,2,0.0027929624699900781,1975,0.0028011458983473194,182,LE,0.0031730106423101001,outside sheet-specific graph-skin domain,valid_exclusion_from_graph_skin,defect_rectangular_domain_includes_boundary_or_cap,0
ma8_a10_h40km,12,upper,3170,39,11,0.13750000000000001,0.97500000000000009,3.4729186944358386,1.0052513249999999,,outside_stl_support,1977;5760,0.41752896878568613,,,1977,0,5748,2,0.0024776775963396098,1975,0.0024858432386127478,182,LE,0.0034903117065411037,outside sheet-specific graph-skin domain,valid_exclusion_from_graph_skin,defect_rectangular_domain_includes_boundary_or_cap,0
ma8_a10_h40km,12,upper,3171,39,12,0.15000000000000002,0.97500000000000009,3.4747459597338701,1.0052513249999999,,outside_stl_support,1977;5760,0.41752896878568613,,,1977,0,5748,2,0.0021623927226893597,1975,0.0021705405788781762,182,LE,0.0038076127707721069,outside sheet-specific graph-skin domain,valid_exclusion_from_graph_skin,defect_rectangular_domain_includes_boundary_or_cap,0
ma8_a10_h40km,12,upper,3172,39,13,0.16250000000000001,0.97500000000000009,3.4765732250319012,1.0052513249999999,,outside_stl_support,1977;5760,0.41752896878568613,,,1977,0,5748,2,0.0018471078490388908,1975,0.0018552379191438227,182,LE,0.0041249138350031109,outside sheet-specific graph-skin domain,valid_exclusion_from_graph_skin,defect_rectangular_domain_includes_boundary_or_cap,0
ma8_a10_h40km,12,upper,3173,39,14,0.17500000000000002,0.97500000000000009,3.4784004903299324,1.0052513249999999,,outside_stl_support,1977;5760,0.41752896878568613,,,1977,0,5748,2,0.0015318229753886409,1975,0.0015399352594092511,182,LE,0.0044422148992341141,outside sheet-specific graph-skin domain,valid_exclusion_from_graph_skin,defect_rectangular_domain_includes_boundary_or_cap,0
ma8_a10_h40km,12,upper,3174,39,15,0.1875,0.97500000000000009,3.4802277556279639,1.0052513249999999,,outside_stl_support,1977;5760,0.41752896878568613,,,1977,0,5748,2,0.001216538101738172,1975,0.0012246325996746793,182,LE,0.0047595159634651173,outside sheet-specific graph-skin domain,valid_exclusion_from_graph_skin,defect_rectangular_domain_includes_boundary_or_cap,0
ma8_a10_h40km,12,upper,3175,39,16,0.20000000000000001,0.97500000000000009,3.4820550209259951,1.0052513249999999,,outside_stl_support,1977;5760,0.41752896878568613,,,1977,0,5748,2,0.00090125322808777997,1975,0.00090932993994032615,182,LE,0.0050768170276961214,outside sheet-specific graph-skin domain,valid_exclusion_from_graph_skin,defect_rectangular_domain_includes_boundary_or_cap,0
ma8_a10_h40km,12,upper,3176,39,17,0.21250000000000002,0.97500000000000009,3.4838822862240266,1.0052513249999999,,outside_stl_support,1977;5760,0.41752896878568613,,,1977,0,5748,2,0.00058596835443731118,1975,0.00059402728020575433,182,LE,0.005394118091927266,outside sheet-specific graph-skin domain,valid_exclusion_from_graph_skin,defect_rectangular_domain_includes_boundary_or_cap,0
ma8_a10_h40km,12,upper,3177,39,18,0.22500000000000001,0.97500000000000009,3.4857095515220577,1.0052513249999999,,outside_stl_support,1977;5760,0.41752896878568613,,,1977,0,5748,2,0.00027068348078706117,1975,0.00027872462047118257,182,LE,0.0057114191561580515,outside sheet-specific graph-skin domain,valid_exclusion_from_graph_skin,defect_rectangular_domain_includes_boundary_or_cap,0
ma8_a10_h40km,12,upper,3240,40,0,0,1,3.5989941527510467,1.0310269999999999,,degenerate_planform_chord,,,,,1965,0.0001746635069531309,5748,2,0.0061133156869430626,1967,0.0061202203953963303,182,tip,1.0153634055261781e-06,sheet graph-skin terminates at the STL skin/cap boundary; no 81-node rectangular tip row,valid_exclusion_from_graph_skin,defect_duplicate_degenerate_tip_row,0
ma8_a10_h40km,12,upper,3241,40,1,0.012500000000000001,1,3.5989942258416585,1.0310269999999999,,degenerate_planform_chord,,,,,1965,0.00017465081490413562,5748,2,0.0061133036614898157,1967,0.0061202083835099827,182,tip,1.0026713628977184e-06,sheet graph-skin terminates at the STL skin/cap boundary; no 81-node rectangular tip row,valid_exclusion_from_graph_skin,defect_duplicate_degenerate_tip_row,0
ma8_a10_h40km,12,upper,3242,40,2,0.025000000000000001,1,3.5989942989322707,1.0310269999999999,,degenerate_planform_chord,,,,,1965,0.00017463812285499879,5748,2,0.0061132916368867134,1967,0.0061201963724728733,182,tip,9.8997932041081458e-07,sheet graph-skin terminates at the STL skin/cap boundary; no 81-node rectangular tip row,valid_exclusion_from_graph_skin,defect_duplicate_degenerate_tip_row,0
ma8_a10_h40km,12,upper,3243,40,3,0.037500000000000006,1,3.5989943720228825,1.0310269999999999,,degenerate_planform_chord,,,,,1965,0.0001746254308060035,5748,2,0.0061132796131339057,1967,0.0061201843622851531,182,tip,9.7728727784679563e-07,sheet graph-skin terminates at the STL skin/cap boundary; no 81-node rectangular tip row,valid_exclusion_from_graph_skin,defect_duplicate_degenerate_tip_row,0
ma8_a10_h40km,12,upper,3244,40,4,0.050000000000000003,1,3.5989944451134943,1.0310269999999999,,degenerate_planform_chord,,,,,1965,0.00017461273875700822,5748,2,0.006113267590231326,1967,0.0061201723529467544,182,tip,9.6459523521833589e-07,sheet graph-skin terminates at the STL skin/cap boundary; no 81-node rectangular tip row,valid_exclusion_from_graph_skin,defect_duplicate_degenerate_tip_row,0
ma8_a10_h40km,12,upper,3245,40,5,0.0625,1,3.5989945182041065,1.0310269999999999,,degenerate_planform_chord,,,,,1965,0.0001746000467077943,5748,2,0.0061132555681789056,1967,0.0061201603444576095,182,tip,9.519031925127609e-07,sheet graph-skin terminates at the STL skin/cap boundary; no 81-node rectangular tip row,valid_exclusion_from_graph_skin,defect_duplicate_degenerate_tip_row,0
ma8_a10_h40km,12,upper,3246,40,6,0.075000000000000011,1,3.5989945912947183,1.0310269999999999,,degenerate_planform_chord,,,,,1965,0.00017458735465879902,5748,2,0.0061132435469767954,1967,0.0061201483368178685,182,tip,9.3921115002585721e-07,sheet graph-skin terminates at the STL skin/cap boundary; no 81-node rectangular tip row,valid_exclusion_from_graph_skin,defect_duplicate_degenerate_tip_row,0
ma8_a10_h40km,12,upper,3247,40,7,0.087500000000000008,1,3.5989946643853301,1.0310269999999999,,degenerate_planform_chord,,,,,5739,0.00017457466260980374,5748,2,0.006113231526624927,1967,0.0061201363300274637,182,tip,9.2651910753895352e-07,sheet graph-skin terminates at the STL skin/cap boundary; no 81-node rectangular tip row,valid_exclusion_from_graph_skin,defect_duplicate_degenerate_tip_row,0
ma8_a10_h40km,12,upper,3248,40,8,0.10000000000000001,1,3.5989947374759419,1.0310269999999999,,degenerate_planform_chord,,,,,5739,0.00017456197056080848,5748,2,0.0061132195071233074,1967,0.0061201243240864003,182,tip,9.1382706512916497e-07,sheet graph-skin terminates at the STL skin/cap boundary; no 81-node rectangular tip row,valid_exclusion_from_graph_skin,defect_duplicate_degenerate_tip_row,0
ma8_a10_h40km,12,upper,3249,40,9,0.1125,1,3.5989948105665541,1.0310269999999999,,degenerate_planform_chord,,,,,1965,0.00017454927851181319,5748,2,0.0061132074884718652,1967,0.0061201123189946098,182,tip,9.0113502242359009e-07,sheet graph-skin terminates at the STL skin/cap boundary; no 81-node rectangular tip row,valid_exclusion_from_graph_skin,defect_duplicate_degenerate_tip_row,0
ma8_a10_h40km,12,upper,3250,40,10,0.125,1,3.5989948836571659,1.0310269999999999,,degenerate_planform_chord,,,,,1965,0.00017453658646281791,5748,2,0.0061131954706707551,1967,0.0061201003147522441,182,tip,8.884429797180151e-07,sheet graph-skin terminates at the STL skin/cap boundary; no 81-node rectangular tip row,valid_exclusion_from_graph_skin,defect_duplicate_degenerate_tip_row,0
ma8_a10_h40km,12,upper,3251,40,11,0.13750000000000001,1,3.5989949567477777,1.0310269999999999,,degenerate_planform_chord,,,,,5739,0.00017452389441368108,5748,2,0.0061131834537199066,1967,0.0061200883113592345,182,tip,8.757509372311113e-07,sheet graph-skin terminates at the STL skin/cap boundary; no 81-node rectangular tip row,valid_exclusion_from_graph_skin,defect_duplicate_degenerate_tip_row,0
ma8_a10_h40km,12,upper,3252,40,12,0.15000000000000002,1,3.5989950298383899,1.0310269999999999,,degenerate_planform_chord,,,,,1965,0.00017451120236468582,5748,2,0.0061131714376192522,1967,0.0061200763088155143,182,tip,8.6305889474420761e-07,sheet graph-skin terminates at the STL skin/cap boundary; no 81-node rectangular tip row,valid_exclusion_from_graph_skin,defect_duplicate_degenerate_tip_row,0
ma8_a10_h40km,12,upper,3253,40,13,0.16250000000000001,1,3.5989951029290017,1.0310269999999999,,degenerate_planform_chord,,,,,1965,0.00017449851031569054,5748,2,0.0061131594223689445,1967,0.0061200643071212327,182,tip,8.5036685203863272e-07,sheet graph-skin terminates at the STL skin/cap boundary; no 81-node rectangular tip row,valid_exclusion_from_graph_skin,defect_duplicate_degenerate_tip_row,0
ma8_a10_h40km,12,upper,3254,40,14,0.17500000000000002,1,3.5989951760196135,1.0310269999999999,,degenerate_planform_chord,,,,,1965,0.00017448581826669525,5748,2,0.0061131474079689123,1967,0.006120052306276322,182,tip,8.3767480955172892e-07,sheet graph-skin terminates at the STL skin/cap boundary; no 81-node rectangular tip row,valid_exclusion_from_graph_skin,defect_duplicate_degenerate_tip_row,0
ma8_a10_h40km,12,upper,3255,40,15,0.1875,1,3.5989952491102253,1.0310269999999999,,degenerate_planform_chord,,,,,1965,0.00017447312621769997,5748,2,0.0061131353944191636,1967,0.0061200403062807874,182,tip,8.2498276692326919e-07,sheet graph-skin terminates at the STL skin/cap boundary; no 81-node rectangular tip row,valid_exclusion_from_graph_skin,defect_duplicate_degenerate_tip_row,0
ma8_a10_h40km,12,upper,3256,40,16,0.20000000000000001,1,3.5989953222008375,1.0310269999999999,,degenerate_planform_chord,,,,,1965,0.00017446043416848603,5748,2,0.0061131233817196297,1967,0.0061200283071345622,182,tip,8.122907244363655e-07,sheet graph-skin terminates at the STL skin/cap boundary; no 81-node rectangular tip row,valid_exclusion_from_graph_skin,defect_duplicate_degenerate_tip_row,0
ma8_a10_h40km,12,upper,3257,40,17,0.21250000000000002,1,3.5989953952914493,1.0310269999999999,,degenerate_planform_chord,,,,,5739,0.00017444774211949077,5748,2,0.0061131113698704607,1967,0.0061200163088377954,182,tip,7.995986819494618e-07,sheet graph-skin terminates at the STL skin/cap boundary; no 81-node rectangular tip row,valid_exclusion_from_graph_skin,defect_duplicate_degenerate_tip_row,0
ma8_a10_h40km,12,upper,3258,40,18,0.22500000000000001,1,3.5989954683820611,1.0310269999999999,,degenerate_planform_chord,,,,,1965,0.0001744350500705726,5748,2,0.0061130993588715899,1967,0.0061200043113904205,182,tip,7.8690663924388681e-07,sheet graph-skin terminates at the STL skin/cap boundary; no 81-node rectangular tip row,valid_exclusion_from_graph_skin,defect_duplicate_degenerate_tip_row,0
ma8_a10_h40km,12,upper,3259,40,19,0.23750000000000002,1,3.5989955414726733,1.0310269999999999,,degenerate_planform_chord,,,,,1965,0.00017442235802157734,5748,2,0.0061130873487229478,1967,0.0061199923147923678,182,tip,7.7421459653831182e-07,sheet graph-skin terminates at the STL skin/cap boundary; no 81-node rectangular tip row,valid_exclusion_from_graph_skin,defect_duplicate_degenerate_tip_row,0
ma8_a10_h40km,12,upper,3260,40,20,0.25,1,3.5989956145632851,1.0310269999999999,,degenerate_planform_chord,,,,,1965,0.00017440966597236337,5748,2,0.0061130753394246871,1967,0.0061199803190437902,182,tip,7.6152255412852328e-07,sheet graph-skin terminates at the STL skin/cap boundary; no 81-node rectangular tip row,valid_exclusion_from_graph_skin,defect_duplicate_degenerate_tip_row,0
ma8_a10_h40km,12,upper,3261,40,21,0.26250000000000001,1,3.5989956876538969,1.0310269999999999,,degenerate_planform_chord,,,,,1965,0.00017439697392336812,5748,2,0.0061130633309767375,1967,0.0061199683241446191,182,tip,7.4883051156450444e-07,sheet graph-skin terminates at the STL skin/cap boundary; no 81-node rectangular tip row,valid_exclusion_from_graph_skin,defect_duplicate_degenerate_tip_row,0
ma8_a10_h40km,12,upper,3262,40,22,0.27500000000000002,1,3.5989957607445091,1.0310269999999999,,degenerate_planform_chord,,,,,1965,0.00017438428187437283,5748,2,0.006113051323379034,1967,0.0061199563300947859,182,tip,7.3613846885892945e-07,sheet graph-skin terminates at the STL skin/cap boundary; no 81-node rectangular tip row,valid_exclusion_from_graph_skin,defect_duplicate_degenerate_tip_row,0
ma8_a10_h40km,12,upper,3263,40,23,0.28750000000000003,1,3.5989958338351209,1.0310269999999999,,degenerate_planform_chord,,,,,1965,0.00017437158982537755,5748,2,0.006113039316631725,1967,0.0061199443368944425,182,tip,7.2344642644914101e-07,sheet graph-skin terminates at the STL skin/cap boundary; no 81-node rectangular tip row,valid_exclusion_from_graph_skin,defect_duplicate_degenerate_tip_row,0
ma8_a10_h40km,12,upper,3264,40,24,0.30000000000000004,1,3.5989959069257327,1.0310269999999999,,degenerate_planform_chord,,,,,1965,0.00017435889777638229,5748,2,0.0061130273107347444,1967,0.0061199323445435203,182,tip,7.1075438382068117e-07,sheet graph-skin terminates at the STL skin/cap boundary; no 81-node rectangular tip row,valid_exclusion_from_graph_skin,defect_duplicate_degenerate_tip_row,0
ma8_a10_h40km,12,upper,3265,40,25,0.3125,1,3.5989959800163449,1.0310269999999999,,degenerate_planform_chord,,,,,5739,0.00017434620572716832,5748,2,0.0061130153056880221,1967,0.0061199203530419508,182,tip,6.9806234133377748e-07,sheet graph-skin terminates at the STL skin/cap boundary; no 81-node rectangular tip row,valid_exclusion_from_graph_skin,defect_duplicate_degenerate_tip_row,0
ma8_a10_h40km,12,upper,3266,40,26,0.32500000000000001,1,3.5989960531069567,1.0310269999999999,,degenerate_planform_chord,,,,,5739,0.00017433351367817306,5748,2,0.0061130033014917115,1967,0.0061199083623898858,182,tip,6.8537029876975853e-07,sheet graph-skin terminates at the STL skin/cap boundary; no 81-node rectangular tip row,valid_exclusion_from_graph_skin,defect_duplicate_degenerate_tip_row,0
ma8_a10_h40km,12,upper,3267,40,27,0.33750000000000002,1,3.5989961261975685,1.0310269999999999,,degenerate_planform_chord,,,,,1965,0.00017432082162925489,5748,2,0.0061129912981457432,1967,0.0061198963725872567,182,tip,6.7267825614129879e-07,sheet graph-skin terminates at the STL skin/cap boundary; no 81-node rectangular tip row,valid_exclusion_from_graph_skin,defect_duplicate_degenerate_tip_row,0
ma8_a10_h40km,12,upper,3268,40,28,0.35000000000000003,1,3.5989961992881803,1.0310269999999999,,degenerate_planform_chord,,,,,1965,0.00017430812958025963,5748,2,0.0061129792956501217,1967,0.0061198843836340689,182,tip,6.599862136543951e-07,sheet graph-skin terminates at the STL skin/cap boundary; no 81-node rectangular tip row,valid_exclusion_from_graph_skin,defect_duplicate_degenerate_tip_row,0
ma8_a10_h40km,12,upper,3269,40,29,0.36250000000000004,1,3.5989962723787925,1.0310269999999999,,degenerate_planform_chord,,,,,1965,0.00017429543753104567,5748,2,0.006112967294004781,1967,0.0061198723955302554,182,tip,6.4729417102593537e-07,sheet graph-skin terminates at the STL skin/cap boundary; no 81-node rectangular tip row,valid_exclusion_from_graph_skin,defect_duplicate_degenerate_tip_row,0
ma8_a10_h40km,12,upper,3270,40,30,0.375,1,3.5989963454694043,1.0310269999999999,,degenerate_planform_chord,,,,,1965,0.00017428274548205041,5748,2,0.0061129552932098702,1967,0.0061198604082759655,182,tip,6.3460212846191642e-07,sheet graph-skin terminates at the STL skin/cap boundary; no 81-node rectangular tip row,valid_exclusion_from_graph_skin,defect_duplicate_degenerate_tip_row,0
ma8_a10_h40km,12,upper,3271,40,31,0.38750000000000001,1,3.5989964185600161,1.0310269999999999,,degenerate_planform_chord,,,,,1965,0.00017427005343305512,5748,2,0.0061129432932653226,1967,0.0061198484218711307,182,tip,6.2191008605212787e-07,sheet graph-skin terminates at the STL skin/cap boundary; no 81-node rectangular tip row,valid_exclusion_from_graph_skin,defect_duplicate_degenerate_tip_row,0
ma8_a10_h40km,12,upper,3272,40,32,0.40000000000000002,1,3.5989964916506283,1.0310269999999999,,degenerate_planform_chord,,,,,1965,0.00017425736138405987,5748,2,0.0061129312941710697,1967,0.0061198364363156859,182,tip,6.0921804334655288e-07,sheet graph-skin terminates at the STL skin/cap boundary; no 81-node rectangular tip row,valid_exclusion_from_graph_skin,defect_duplicate_degenerate_tip_row,0
ma8_a10_h40km,12,upper,3273,40,33,0.41250000000000003,1,3.5989965647412401,1.0310269999999999,,degenerate_planform_chord,,,,,1965,0.0001742446693348459,5748,2,0.0061129192959272615,1967,0.0061198244516097794,182,tip,5.9652600056386274e-07,sheet graph-skin terminates at the STL skin/cap boundary; no 81-node rectangular tip row,valid_exclusion_from_graph_skin,defect_duplicate_degenerate_tip_row,0
ma8_a10_h40km,12,upper,3274,40,34,0.42500000000000004,1,3.5989966378318519,1.0310269999999999,,degenerate_planform_chord,,,,,1965,0.00017423197728585064,5748,2,0.0061129072985338321,1967,0.0061198124677533444,182,tip,5.838339581540742e-07,sheet graph-skin terminates at the STL skin/cap boundary; no 81-node rectangular tip row,valid_exclusion_from_graph_skin,defect_duplicate_degenerate_tip_row,0
ma8_a10_h40km,12,upper,3275,40,35,0.4375,1,3.5989967109224636,1.0310269999999999,,degenerate_planform_chord,,,,,1965,0.00017421928523685536,5748,2,0.0061128953019907841,1967,0.0061198004847463853,182,tip,5.7114191574428576e-07,sheet graph-skin terminates at the STL skin/cap boundary; no 81-node rectangular tip row,valid_exclusion_from_graph_skin,defect_duplicate_degenerate_tip_row,0
ma8_a10_h40km,12,upper,3276,40,36,0.45000000000000001,1,3.5989967840130759,1.0310269999999999,,degenerate_planform_chord,,,,,1965,0.00017420659318793721,5748,2,0.0061128833062980515,1967,0.0061197885025888344,182,tip,5.5844987303871077e-07,sheet graph-skin terminates at the STL skin/cap boundary; no 81-node rectangular tip row,valid_exclusion_from_graph_skin,defect_duplicate_degenerate_tip_row,0
ma8_a10_h40km,12,upper,3277,40,37,0.46250000000000002,1,3.5989968571036877,1.0310269999999999,,degenerate_planform_chord,,,,,1965,0.00017419390113894193,5748,2,0.0061128713114557845,1967,0.0061197765212808427,182,tip,5.4575783047469182e-07,sheet graph-skin terminates at the STL skin/cap boundary; no 81-node rectangular tip row,valid_exclusion_from_graph_skin,defect_duplicate_degenerate_tip_row,0
ma8_a10_h40km,12,upper,3278,40,38,0.47500000000000003,1,3.5989969301942994,1.0310269999999999,,degenerate_planform_chord,,,,,1965,0.00017418120908994667,5748,2,0.0061128593174639145,1967,0.0061197645408223415,182,tip,5.3306578784623209e-07,sheet graph-skin terminates at the STL skin/cap boundary; no 81-node rectangular tip row,valid_exclusion_from_graph_skin,defect_duplicate_degenerate_tip_row,0
ma8_a10_h40km,12,upper,3279,40,39,0.48750000000000004,1,3.5989970032849117,1.0310269999999999,,degenerate_planform_chord,,,,,1965,0.0001741685170407327,5748,2,0.0061128473243223756,1967,0.0061197525612132642,182,tip,5.203737453593284e-07,sheet graph-skin terminates at the STL skin/cap boundary; no 81-node rectangular tip row,valid_exclusion_from_graph_skin,defect_duplicate_degenerate_tip_row,0
ma8_a10_h40km,12,upper,3280,40,40,0.5,1,3.5989970763755235,1.0310269999999999,,degenerate_planform_chord,,,,,5739,0.00017415582499173742,5748,2,0.0061128353320313161,1967,0.0061197405824537608,182,tip,5.0768170265375341e-07,sheet graph-skin terminates at the STL skin/cap boundary; no 81-node rectangular tip row,valid_exclusion_from_graph_skin,defect_duplicate_degenerate_tip_row,0
ma8_a10_h40km,12,upper,3281,40,41,0.51250000000000007,1,3.5989971494661352,1.0310269999999999,,degenerate_planform_chord,,,,,5739,0.00017414313294274216,5748,2,0.0061128233405906701,1967,0.0061197286045437636,182,tip,4.9498966016684971e-07,sheet graph-skin terminates at the STL skin/cap boundary; no 81-node rectangular tip row,valid_exclusion_from_graph_skin,defect_duplicate_degenerate_tip_row,0
ma8_a10_h40km,12,upper,3282,40,42,0.52500000000000002,1,3.5989972225567475,1.0310269999999999,,degenerate_planform_chord,,,,,1965,0.00017413044089360533,5748,2,0.0061128113500003682,1967,0.006119716627483205,182,tip,4.8229761746127472e-07,sheet graph-skin terminates at the STL skin/cap boundary; no 81-node rectangular tip row,valid_exclusion_from_graph_skin,defect_duplicate_degenerate_tip_row,0
ma8_a10_h40km,12,upper,3283,40,43,0.53749999999999998,1,3.5989972956473593,1.0310269999999999,,degenerate_planform_chord,,,,,1965,0.00017411774884461005,5748,2,0.0061127993602605622,1967,0.006119704651272235,182,tip,4.6960557505148623e-07,sheet graph-skin terminates at the STL skin/cap boundary; no 81-node rectangular tip row,valid_exclusion_from_graph_skin,defect_duplicate_degenerate_tip_row,0
ma8_a10_h40km,12,upper,3284,40,44,0.55000000000000004,1,3.598997368737971,1.0310269999999999,,degenerate_planform_chord,,,,,1965,0.00017410505679553767,5748,2,0.0061127873713711835,1967,0.006119692675910786,182,tip,4.5691353256458249e-07,sheet graph-skin terminates at the STL skin/cap boundary; no 81-node rectangular tip row,valid_exclusion_from_graph_skin,defect_duplicate_degenerate_tip_row,0
ma8_a10_h40km,12,upper,3285,40,45,0.5625,1,3.5989974418285833,1.0310269999999999,,degenerate_planform_chord,,,,,1965,0.0001740923647466195,5748,2,0.0061127753833321655,1967,0.0061196807013987903,182,tip,4.4422148985900755e-07,sheet graph-skin terminates at the STL skin/cap boundary; no 81-node rectangular tip row,valid_exclusion_from_graph_skin,defect_duplicate_degenerate_tip_row,0
ma8_a10_h40km,12,upper,3286,40,46,0.57500000000000007,1,3.5989975149191951,1.0310269999999999,,degenerate_planform_chord,,,,,1965,0.00017407967269762422,5748,2,0.0061127633961436572,1967,0.0061196687277363989,182,tip,4.315294473721038e-07,sheet graph-skin terminates at the STL skin/cap boundary; no 81-node rectangular tip row,valid_exclusion_from_graph_skin,defect_duplicate_degenerate_tip_row,0
ma8_a10_h40km,12,upper,3287,40,47,0.58750000000000002,1,3.5989975880098068,1.0310269999999999,,degenerate_planform_chord,,,,,1965,0.00017406698064862896,5748,2,0.0061127514098055927,1967,0.0061196567549235423,182,tip,4.1883740466652887e-07,sheet graph-skin terminates at the STL skin/cap boundary; no 81-node rectangular tip row,valid_exclusion_from_graph_skin,defect_duplicate_degenerate_tip_row,0
ma8_a10_h40km,12,upper,3288,40,48,0.60000000000000009,1,3.5989976611004186,1.0310269999999999,,degenerate_planform_chord,,,,,1965,0.00017405428859963368,5748,2,0.0061127394243179747,1967,0.0061196447829602275,182,tip,4.0614536217962512e-07,sheet graph-skin terminates at the STL skin/cap boundary; no 81-node rectangular tip row,valid_exclusion_from_graph_skin,defect_duplicate_degenerate_tip_row,0
ma8_a10_h40km,12,upper,3289,40,49,0.61250000000000004,1,3.5989977341910309,1.0310269999999999,,degenerate_planform_chord,,,,,1965,0.00017404159655041974,5748,2,0.0061127274396807372,1967,0.006119632811846386,182,tip,3.9345331947405018e-07,sheet graph-skin terminates at the STL skin/cap boundary; no 81-node rectangular tip row,valid_exclusion_from_graph_skin,defect_duplicate_degenerate_tip_row,0
ma8_a10_h40km,12,upper,3290,40,50,0.625,1,3.5989978072816426,1.0310269999999999,,degenerate_planform_chord,,,,,5739,0.00017402890450142445,5748,2,0.0061127154558940303,1967,0.0061196208415821686,182,tip,3.8076127706426164e-07,sheet graph-skin terminates at the STL skin/cap boundary; no 81-node rectangular tip row,valid_exclusion_from_graph_skin,defect_duplicate_degenerate_tip_row,0
ma8_a10_h40km,12,upper,3291,40,51,0.63750000000000007,1,3.5989978803722544,1.0310269999999999,,degenerate_planform_chord,,,,,1965,0.00017401621245250628,5748,2,0.0061127034729577855,1967,0.0061196088721675061,182,tip,3.68069234577358e-07,sheet graph-skin terminates at the STL skin/cap boundary; no 81-node rectangular tip row,valid_exclusion_from_graph_skin,defect_duplicate_degenerate_tip_row,0
ma8_a10_h40km,12,upper,3292,40,52,0.65000000000000002,1,3.5989979534628667,1.0310269999999999,,degenerate_planform_chord,,,,,1965,0.00017400352040329234,5748,2,0.0061126914908719359,1967,0.0061195969036023324,182,tip,3.5537719187178301e-07,sheet graph-skin terminates at the STL skin/cap boundary; no 81-node rectangular tip row,valid_exclusion_from_graph_skin,defect_duplicate_degenerate_tip_row,0
ma8_a10_h40km,12,upper,3293,40,53,0.66250000000000009,1,3.5989980265534784,1.0310269999999999,,degenerate_planform_chord,,,,,1965,0.00017399082835429705,5748,2,0.0061126795096366317,1967,0.0061195849358867977,182,tip,3.4268514938487926e-07,sheet graph-skin terminates at the STL skin/cap boundary; no 81-node rectangular tip row,valid_exclusion_from_graph_skin,defect_duplicate_degenerate_tip_row,0
ma8_a10_h40km,12,upper,3294,40,54,0.67500000000000004,1,3.5989980996440902,1.0310269999999999,,degenerate_planform_chord,,,,,1965,0.0001739781363053018,5748,2,0.006112667529251806,1967,0.0061195729690208343,182,tip,3.2999310675641953e-07,sheet graph-skin terminates at the STL skin/cap boundary; no 81-node rectangular tip row,valid_exclusion_from_graph_skin,defect_duplicate_degenerate_tip_row,0
ma8_a10_h40km,12,upper,3295,40,55,0.6875,1,3.598998172734702,1.0310269999999999,,degenerate_planform_chord,,,,,1965,0.00017396544425630651,5748,2,0.0061126555497174623,1967,0.0061195610030044464,182,tip,3.1730106419240058e-07,sheet graph-skin terminates at the STL skin/cap boundary; no 81-node rectangular tip row,valid_exclusion_from_graph_skin,defect_duplicate_degenerate_tip_row,0
ma8_a10_h40km,12,upper,3296,40,56,0.70000000000000007,1,3.5989982458253142,1.0310269999999999,,degenerate_planform_chord,,,,,1965,0.00017395275220731125,5748,2,0.0061126435710335339,1967,0.0061195490378375657,182,tip,3.0460902148682559e-07,sheet graph-skin terminates at the STL skin/cap boundary; no 81-node rectangular tip row,valid_exclusion_from_graph_skin,defect_duplicate_degenerate_tip_row,0
ma8_a10_h40km,12,upper,3297,40,57,0.71250000000000002,1,3.598998318915926,1.0310269999999999,,degenerate_planform_chord,,,,,1965,0.00017394006015831597,5748,2,0.0061126315932001707,1967,0.0061195370735203447,182,tip,2.919169790770371e-07,sheet graph-skin terminates at the STL skin/cap boundary; no 81-node rectangular tip row,valid_exclusion_from_graph_skin,defect_duplicate_degenerate_tip_row,0
ma8_a10_h40km,12,upper,3298,40,58,0.72500000000000009,1,3.5989983920065378,1.0310269999999999,,degenerate_planform_chord,,,,,1965,0.00017392736810910203,5748,2,0.0061126196162173052,1967,0.0061195251100527141,182,tip,2.7922493666724866e-07,sheet graph-skin terminates at the STL skin/cap boundary; no 81-node rectangular tip row,valid_exclusion_from_graph_skin,defect_duplicate_degenerate_tip_row,0
ma8_a10_h40km,12,upper,3299,40,59,0.73750000000000004,1,3.59899846509715,1.0310269999999999,,degenerate_planform_chord,,,,,5739,0.00017391467606010674,5748,2,0.0061126076400848696,1967,0.0061195131474346071,182,tip,2.6653289396167367e-07,sheet graph-skin terminates at the STL skin/cap boundary; no 81-node rectangular tip row,valid_exclusion_from_graph_skin,defect_duplicate_degenerate_tip_row,0
ma8_a10_h40km,12,upper,3300,40,60,0.75,1,3.5989985381877618,1.0310269999999999,,degenerate_planform_chord,,,,,1965,0.0001739019840111886,5748,2,0.0061125956648030149,1967,0.0061195011856661737,182,tip,2.5384085139765472e-07,sheet graph-skin terminates at the STL skin/cap boundary; no 81-node rectangular tip row,valid_exclusion_from_graph_skin,defect_duplicate_degenerate_tip_row,0
ma8_a10_h40km,12,upper,3301,40,61,0.76250000000000007,1,3.5989986112783736,1.0310269999999999,,degenerate_planform_chord,,,,,1965,0.00017388929196219331,5748,2,0.0061125836903716726,1967,0.0061194892247473454,182,tip,2.4114880876919499e-07,sheet graph-skin terminates at the STL skin/cap boundary; no 81-node rectangular tip row,valid_exclusion_from_graph_skin,defect_duplicate_degenerate_tip_row,0
ma8_a10_h40km,12,upper,3302,40,62,0.77500000000000002,1,3.5989986843689858,1.0310269999999999,,degenerate_planform_chord,,,,,1965,0.00017387659991297937,5748,2,0.0061125717167907758,1967,0.0061194772646780554,182,tip,2.2845676628229124e-07,sheet graph-skin terminates at the STL skin/cap boundary; no 81-node rectangular tip row,valid_exclusion_from_graph_skin,defect_duplicate_degenerate_tip_row,0
ma8_a10_h40km,12,upper,3303,40,63,0.78750000000000009,1,3.5989987574595976,1.0310269999999999,,degenerate_planform_chord,,,,,1965,0.00017386390786398409,5748,2,0.0061125597440604739,1967,0.0061194653054584547,182,tip,2.1576472357671628e-07,sheet graph-skin terminates at the STL skin/cap boundary; no 81-node rectangular tip row,valid_exclusion_from_graph_skin,defect_duplicate_degenerate_tip_row,0
ma8_a10_h40km,12,upper,3304,40,64,0.80000000000000004,1,3.5989988305502094,1.0310269999999999,,degenerate_planform_chord,,,,,5739,0.0001738512158149888,5748,2,0.0061125477721806999,1967,0.0061194533470884738,182,tip,2.0307268108981256e-07,sheet graph-skin terminates at the STL skin/cap boundary; no 81-node rectangular tip row,valid_exclusion_from_graph_skin,defect_duplicate_degenerate_tip_row,0
ma8_a10_h40km,12,upper,3305,40,65,0.8125,1,3.5989989036408216,1.0310269999999999,,degenerate_planform_chord,,,,,1965,0.00017383852376599355,5748,2,0.0061125358011513862,1967,0.006119441389568046,182,tip,1.903806383842376e-07,sheet graph-skin terminates at the STL skin/cap boundary; no 81-node rectangular tip row,valid_exclusion_from_graph_skin,defect_duplicate_degenerate_tip_row,0
ma8_a10_h40km,12,upper,3306,40,66,0.82500000000000007,1,3.5989989767314334,1.0310269999999999,,degenerate_planform_chord,,,,,1965,0.00017382583171699826,5748,2,0.0061125238309726821,1967,0.0061194294328973222,182,tip,1.7768859597444911e-07,sheet graph-skin terminates at the STL skin/cap boundary; no 81-node rectangular tip row,valid_exclusion_from_graph_skin,defect_duplicate_degenerate_tip_row,0
ma8_a10_h40km,12,upper,3307,40,67,0.83750000000000002,1,3.5989990498220452,1.0310269999999999,,degenerate_planform_chord,,,,,1965,0.00017381313966778432,5748,2,0.0061125118616445215,1967,0.0061194174770762338,182,tip,1.6499655348754541e-07,sheet graph-skin terminates at the STL skin/cap boundary; no 81-node rectangular tip row,valid_exclusion_from_graph_skin,defect_duplicate_degenerate_tip_row,0
ma8_a10_h40km,12,upper,3308,40,68,0.85000000000000009,1,3.598999122912657,1.0310269999999999,,degenerate_planform_chord,,,,,1965,0.00017380044761878904,5748,2,0.006112499893166908,1967,0.0061194055221047861,182,tip,1.5230451078197042e-07,sheet graph-skin terminates at the STL skin/cap boundary; no 81-node rectangular tip row,valid_exclusion_from_graph_skin,defect_duplicate_degenerate_tip_row,0
ma8_a10_h40km,12,upper,3309,40,69,0.86250000000000004,1,3.5989991960032692,1.0310269999999999,,degenerate_planform_chord,,,,,1965,0.00017378775556987089,5748,2,0.0061124879255397748,1967,0.0061193935679829115,182,tip,1.396124682950667e-07,sheet graph-skin terminates at the STL skin/cap boundary; no 81-node rectangular tip row,valid_exclusion_from_graph_skin,defect_duplicate_degenerate_tip_row,0
ma8_a10_h40km,12,upper,3310,40,70,0.875,1,3.598999269093881,1.0310269999999999,,degenerate_planform_chord,,,,,1965,0.00017377506352087561,5748,2,0.0061124759587632719,1967,0.0061193816147107599,182,tip,1.2692042558949174e-07,sheet graph-skin terminates at the STL skin/cap boundary; no 81-node rectangular tip row,valid_exclusion_from_graph_skin,defect_duplicate_degenerate_tip_row,0
ma8_a10_h40km,12,upper,3311,40,71,0.88750000000000007,1,3.5989993421844928,1.0310269999999999,,degenerate_planform_chord,,,,,1965,0.00017376237147166167,5748,2,0.0061124639928373317,1967,0.0061193696622882645,182,tip,1.1422838310258802e-07,sheet graph-skin terminates at the STL skin/cap boundary; no 81-node rectangular tip row,valid_exclusion_from_graph_skin,defect_duplicate_degenerate_tip_row,0
ma8_a10_h40km,12,upper,3312,40,72,0.90000000000000002,1,3.598999415275105,1.0310269999999999,,degenerate_planform_chord,,,,,1965,0.00017374967942266638,5748,2,0.0061124520277618865,1967,0.0061193577107153561,182,tip,1.0153634047412827e-07,sheet graph-skin terminates at the STL skin/cap boundary; no 81-node rectangular tip row,valid_exclusion_from_graph_skin,defect_duplicate_degenerate_tip_row,0
ma8_a10_h40km,12,upper,3313,40,73,0.91250000000000009,1,3.5989994883657168,1.0310269999999999,,degenerate_planform_chord,,,,,1965,0.00017373698737367112,5748,2,0.0061124400635370864,1967,0.0061193457599921872,182,tip,8.8844297987224553e-08,sheet graph-skin terminates at the STL skin/cap boundary; no 81-node rectangular tip row,valid_exclusion_from_graph_skin,defect_duplicate_degenerate_tip_row,0
ma8_a10_h40km,12,upper,3314,40,74,0.92500000000000004,1,3.5989995614563286,1.0310269999999999,,degenerate_planform_chord,,,,,5739,0.00017372429532467584,5748,2,0.0061124281001628646,1967,0.0061193338101186876,182,tip,7.6152255500320833e-08,sheet graph-skin terminates at the STL skin/cap boundary; no 81-node rectangular tip row,valid_exclusion_from_graph_skin,defect_duplicate_degenerate_tip_row,0
ma8_a10_h40km,12,upper,3315,40,75,0.9375,1,3.5989996345469404,1.0310269999999999,,degenerate_planform_chord,,,,,5739,0.00017371160327568058,5748,2,0.0061124161376392254,1967,0.0061193218610948643,182,tip,6.346021279474587e-08,sheet graph-skin terminates at the STL skin/cap boundary; no 81-node rectangular tip row,valid_exclusion_from_graph_skin,defect_duplicate_degenerate_tip_row,0
ma8_a10_h40km,12,upper,3316,40,76,0.95000000000000007,1,3.5989997076375526,1.0310269999999999,,degenerate_planform_chord,,,,,1965,0.00017369891122654373,5748,2,0.0061124041759661003,1967,0.0061193099129206487,182,tip,5.0768170307842143e-08,sheet graph-skin terminates at the STL skin/cap boundary; no 81-node rectangular tip row,valid_exclusion_from_graph_skin,defect_duplicate_degenerate_tip_row,0
ma8_a10_h40km,12,upper,3317,40,77,0.96250000000000002,1,3.5989997807281644,1.0310269999999999,,degenerate_planform_chord,,,,,1965,0.00017368621917754847,5748,2,0.006112392215143642,1967,0.0061192979655961908,182,tip,3.8076127679382403e-08,sheet graph-skin terminates at the STL skin/cap boundary; no 81-node rectangular tip row,valid_exclusion_from_graph_skin,defect_duplicate_degenerate_tip_row,0
ma8_a10_h40km,12,upper,3318,40,78,0.97500000000000009,1,3.5989998538187762,1.0310269999999999,,degenerate_planform_chord,,,,,1965,0.00017367352712855318,5748,2,0.0061123802551717801,1967,0.0061192860191214239,182,tip,2.5384085192478686e-08,sheet graph-skin terminates at the STL skin/cap boundary; no 81-node rectangular tip row,valid_exclusion_from_graph_skin,defect_duplicate_degenerate_tip_row,0
ma8_a10_h40km,12,upper,3319,40,79,0.98750000000000004,1,3.5989999269093884,1.0310269999999999,,degenerate_planform_chord,,,,,1965,0.0001736608350795579,5748,2,0.0061123682960504489,1967,0.0061192740734962803,182,tip,1.2692042486903718e-08,sheet graph-skin terminates at the STL skin/cap boundary; no 81-node rectangular tip row,valid_exclusion_from_graph_skin,defect_duplicate_degenerate_tip_row,0
ma8_a10_h40km,12,upper,3320,40,80,1,1,3.5990000000000002,1.0310269999999999,,degenerate_planform_chord,,,,,1965,0.00017364814303034399,5748,2,0.0061123563377797974,1967,0.0061192621287209084,182,tip,0,sheet graph-skin terminates at the STL skin/cap boundary; no 81-node rectangular tip row,valid_exclusion_from_graph_skin,defect_duplicate_degenerate_tip_row,0
ma8_a10_h40km,12,lower,3321,0,0,0,0,-0.00080120690807647063,0,,outside_stl_support,,,,,2495,0.00080088057732273304,1991,1,0.0031569209080764705,2445,0.0041159218908526293,2,nose,7.8392526082314584e-07,outside sheet-specific graph-skin domain,valid_exclusion_from_graph_skin,defect_rectangular_domain_includes_boundary_or_cap,0
ma8_a10_h40km,12,lower,3402,1,0,0,0.025000000000000001,0.013652222727272725,0.025775674999999998,,outside_stl_support,,,,,2051,0.00056203112801040637,2089,-1,0.0031792128220070937,2435,0.0037974468727944161,81,nose,0,outside sheet-specific graph-skin domain,valid_exclusion_from_graph_skin,defect_rectangular_domain_includes_boundary_or_cap,0
ma8_a10_h40km,12,lower,3483,2,0,0,0.050000000000000003,0.090577615609016976,0.051551349999999996,,outside_stl_support,,,,,4538,0.00030873069383545427,4679,-1,0.0011741497995535089,1960,0.0035520946293395995,181,LE,0,outside sheet-specific graph-skin domain,valid_exclusion_from_graph_skin,defect_rectangular_domain_includes_boundary_or_cap,0
ma8_a10_h40km,12,lower,3564,3,0,0,0.075000000000000011,0.16990694735399564,0.077327025000000008,,outside_stl_support,,,,,4538,0.0003087431530729052,4637,-1,0.0011312667402580386,1932,0.0063924139598460225,181,LE,0,outside sheet-specific graph-skin domain,valid_exclusion_from_graph_skin,defect_rectangular_domain_includes_boundary_or_cap,0
ma8_a10_h40km,12,lower,3645,4,0,0,0.10000000000000001,0.24923627909897422,0.10310269999999999,,outside_stl_support,,,,,4538,0.00030875561231036611,4627,-1,0.0013257427069910416,4652,0.0021346577820251593,181,LE,0,outside sheet-specific graph-skin domain,valid_exclusion_from_graph_skin,defect_rectangular_domain_includes_boundary_or_cap,0
ma8_a10_h40km,12,lower,3726,5,0,0,0.125,0.32856561084395286,0.12887837499999999,,outside_stl_support,,,,,4538,0.00030876807154774918,4627,-1,0.001435163447235139,4652,0.0024539063543327802,181,LE,6.2063353831181828e-17,outside sheet-specific graph-skin domain,valid_exclusion_from_graph_skin,defect_rectangular_domain_includes_boundary_or_cap,0
ma8_a10_h40km,12,lower,3807,6,0,0,0.15000000000000002,0.40789494258893155,0.15465405000000002,,outside_stl_support,,,,,4538,0.0003087805307852154,4627,-1,0.0015445841874792067,4652,0.002773154926640385,181,LE,2.7755575615628914e-17,outside sheet-specific graph-skin domain,valid_exclusion_from_graph_skin,defect_rectangular_domain_includes_boundary_or_cap,0
ma8_a10_h40km,12,lower,3888,7,0,0,0.17500000000000002,0.48722427433391013,0.18042972500000001,,outside_stl_support,,,,,4538,0.0003087929900226156,4520,2,0.0010988162569025711,4520,0.0010988162569025711,181,LE,1.1443916996305594e-16,outside sheet-specific graph-skin domain,valid_exclusion_from_graph_skin,defect_rectangular_domain_includes_boundary_or_cap,0
ma8_a10_h40km,12,lower,3969,8,0,0,0.20000000000000001,0.56655360607888872,0.20620539999999998,,outside_stl_support,,,,,4538,0.00030880544926006328,4520,2,0.001198490713029992,4520,0.001198490713029992,181,LE,2.7755575615628914e-17,outside sheet-specific graph-skin domain,valid_exclusion_from_graph_skin,defect_rectangular_domain_includes_boundary_or_cap,0
ma8_a10_h40km,12,lower,4050,9,0,0,0.22500000000000001,0.6458829378238673,0.23198107499999998,,outside_stl_support,,,,,4538,0.00030881790849746348,4520,2,0.0012981651691574391,4520,0.0012981651691574391,181,LE,0,outside sheet-specific graph-skin domain,valid_exclusion_from_graph_skin,defect_rectangular_domain_includes_boundary_or_cap,0
ma8_a10_h40km,12,lower,4131,10,0,0,0.25,0.72521226956884588,0.25775674999999998,,outside_stl_support,,,,,2217,0.00030883036773497464,4520,2,0.0013978396252848522,4520,0.0013978396252848522,181,LE,0,outside sheet-specific graph-skin domain,valid_exclusion_from_graph_skin,defect_rectangular_domain_includes_boundary_or_cap,0
ma8_a10_h40km,12,lower,4212,11,0,0,0.27500000000000002,0.80454160131382457,0.28353242499999998,,outside_stl_support,,,,,4538,0.00030884282697230355,4520,2,0.0014975140814122313,4520,0.0014975140814122313,181,LE,5.5511151231257827e-17,outside sheet-specific graph-skin domain,valid_exclusion_from_graph_skin,defect_rectangular_domain_includes_boundary_or_cap,0
ma8_a10_h40km,12,lower,4293,12,0,0,0.30000000000000004,0.88387093305880338,0.30930810000000003,,outside_stl_support,,,,,4538,0.00030885528620982512,4520,2,0.0015971885375396255,4520,0.0015971885375396255,181,LE,1.2412670766236366e-16,outside sheet-specific graph-skin domain,valid_exclusion_from_graph_skin,defect_rectangular_domain_includes_boundary_or_cap,0
ma8_a10_h40km,12,lower,4374,13,0,0,0.32500000000000001,0.96320026480378174,0.33508377499999997,,outside_stl_support,,,,,4538,0.00030886774544721486,4520,2,0.0016968629936670386,4520,0.0016968629936670386,181,LE,2.2887833992611187e-16,outside sheet-specific graph-skin domain,valid_exclusion_from_graph_skin,defect_rectangular_domain_includes_boundary_or_cap,0
ma8_a10_h40km,12,lower,4455,14,0,0,0.35000000000000003,1.0425295965487607,0.36085945000000003,,outside_stl_support,,,,,4538,0.00030888020468459651,4520,2,0.0017965374497944174,4520,0.0017965374497944174,181,LE,5.5511151231257827e-17,outside sheet-specific graph-skin domain,valid_exclusion_from_graph_skin,defect_rectangular_domain_includes_boundary_or_cap,0
ma8_a10_h40km,12,lower,4536,15,0,0,0.375,1.121858928293739,0.38663512499999997,,outside_stl_support,,,,,4538,0.00030889266392208648,4520,2,0.0018962119059218118,4520,0.0018962119059218118,181,LE,5.5511151231257827e-17,outside sheet-specific graph-skin domain,valid_exclusion_from_graph_skin,defect_rectangular_domain_includes_boundary_or_cap,0
ma8_a10_h40km,12,lower,4617,16,0,0,0.40000000000000002,1.2011882600387176,0.41241079999999997,,outside_stl_support,,,,,4538,0.00030890512315947085,4520,2,0.0019958863620492592,4520,0.0019958863620492592,181,LE,2.2887833992611187e-16,outside sheet-specific graph-skin domain,valid_exclusion_from_graph_skin,defect_rectangular_domain_includes_boundary_or_cap,0
ma8_a10_h40km,12,lower,4698,17,0,0,0.42500000000000004,1.2805175917836964,0.43818647500000002,,outside_stl_support,,,,,4538,0.00030891758239690801,4520,2,0.0020955608181766907,4520,0.0020955608181766907,181,LE,2.2887833992611187e-16,outside sheet-specific graph-skin domain,valid_exclusion_from_graph_skin,defect_rectangular_domain_includes_boundary_or_cap,0
ma8_a10_h40km,12,lower,4779,18,0,0,0.45000000000000001,1.3598469235286748,0.46396214999999996,,outside_stl_support,,,,,4538,0.00030893004163441381,4520,2,0.0021952352743040853,4520,0.0021952352743040853,181,LE,2.2887833992611187e-16,outside sheet-specific graph-skin domain,valid_exclusion_from_graph_skin,defect_rectangular_domain_includes_boundary_or_cap,0
ma8_a10_h40km,12,lower,4860,19,0,0,0.47500000000000003,1.4391762552736536,0.48973782500000002,,outside_stl_support,,,,,4538,0.00030894250087185092,4520,2,0.0022949097304315325,4520,0.0022949097304315325,181,LE,0,outside sheet-specific graph-skin domain,valid_exclusion_from_graph_skin,defect_rectangular_domain_includes_boundary_or_cap,0
ma8_a10_h40km,12,lower,4941,20,0,0,0.5,1.5185055870186321,0.51551349999999996,,outside_stl_support,,,,,2217,0.00030895496010920368,4520,2,0.0023945841865589111,4520,0.0023945841865589111,181,LE,0,outside sheet-specific graph-skin domain,valid_exclusion_from_graph_skin,defect_rectangular_domain_includes_boundary_or_cap,0
ma8_a10_h40km,12,lower,5022,21,0,0,0.52500000000000002,1.5978349187636107,0.54128917499999996,,outside_stl_support,,,,,4538,0.00030896741934663554,4520,2,0.0024942586426863586,4520,0.0024942586426863586,181,LE,2.4825341532472731e-16,outside sheet-specific graph-skin domain,valid_exclusion_from_graph_skin,defect_rectangular_domain_includes_boundary_or_cap,0
ma8_a10_h40km,12,lower,5103,22,0,0,0.55000000000000004,1.6771642505085891,0.56706484999999995,,outside_stl_support,,,,,4538,0.00030897987858421522,4520,2,0.0025939330988138058,4520,0.0025939330988138058,181,LE,4.5775667985222375e-16,outside sheet-specific graph-skin domain,valid_exclusion_from_graph_skin,defect_rectangular_domain_includes_boundary_or_cap,0
ma8_a10_h40km,12,lower,5184,23,0,0,0.57500000000000007,1.7564935822535683,0.59284052500000006,,outside_stl_support,,,,,4538,0.00030899233782154684,4559,2,0.0029666209893068752,4559,0.0029666209893068752,181,LE,0,outside sheet-specific graph-skin domain,valid_exclusion_from_graph_skin,defect_rectangular_domain_includes_boundary_or_cap,0
ma8_a10_h40km,12,lower,5265,24,0,0,0.60000000000000009,1.8358229139985467,0.61861620000000006,,outside_stl_support,,,,,4538,0.00030900479705905259,4559,2,0.003414345372671729,4559,0.003414345372671729,181,LE,0,outside sheet-specific graph-skin domain,valid_exclusion_from_graph_skin,defect_rectangular_domain_includes_boundary_or_cap,0
ma8_a10_h40km,12,lower,5346,25,0,0,0.625,1.9151522457435251,0.64439187499999995,,outside_stl_support,,,,,4538,0.00030901725629642112,2185,1,0.0037858206916142065,4559,0.003862069756036304,181,LE,0,outside sheet-specific graph-skin domain,valid_exclusion_from_graph_skin,defect_rectangular_domain_includes_boundary_or_cap,0
ma8_a10_h40km,12,lower,5427,26,0,0,0.65000000000000002,1.9944815774885034,0.67016754999999995,,outside_stl_support,,,,,2217,0.00030902971553396389,2185,1,0.0039289963147368968,4559,0.0043097941394011578,181,LE,0,outside sheet-specific graph-skin domain,valid_exclusion_from_graph_skin,defect_rectangular_domain_includes_boundary_or_cap,0
ma8_a10_h40km,12,lower,5508,27,0,0,0.67500000000000004,2.0738109092334827,0.69594322499999994,,outside_stl_support,,,,,2217,0.00030904217477122683,2185,1,0.0040721719378592402,4559,0.0047575185227657999,181,LE,1.1102230246251565e-16,outside sheet-specific graph-skin domain,valid_exclusion_from_graph_skin,defect_rectangular_domain_includes_boundary_or_cap,0
ma8_a10_h40km,12,lower,5589,28,0,0,0.70000000000000007,2.1531402409784612,0.72171890000000005,,outside_stl_support,,,,,2217,0.00030905463400873263,2185,1,0.0042153475609818629,4568,0.0049287125201331917,181,LE,0,outside sheet-specific graph-skin domain,valid_exclusion_from_graph_skin,defect_rectangular_domain_includes_boundary_or_cap,0
ma8_a10_h40km,12,lower,5670,29,0,0,0.72500000000000009,2.2324695727234403,0.74749457500000005,,outside_stl_support,,,,,2217,0.00030906709324599556,2185,1,0.0043585231841044101,4568,0.0049132796162204085,181,LE,1.1102230246251565e-16,outside sheet-specific graph-skin domain,valid_exclusion_from_graph_skin,defect_rectangular_domain_includes_boundary_or_cap,0
ma8_a10_h40km,12,lower,5751,30,0,0,0.75,2.3117989044684184,0.77327024999999994,,outside_stl_support,,,,,4538,0.00030907955248350136,2185,1,0.0045016988072271689,4568,0.0048978467123079747,181,LE,4.5775667985222375e-16,outside sheet-specific graph-skin domain,valid_exclusion_from_graph_skin,defect_rectangular_domain_includes_boundary_or_cap,0
ma8_a10_h40km,12,lower,5832,31,0,0,0.77500000000000002,2.391128236213397,0.79904592499999993,,outside_stl_support,,,,,2217,0.00030909201172086989,2185,1,0.0046448744303497916,4568,0.0048824138083952973,181,LE,1.1102230246251565e-16,outside sheet-specific graph-skin domain,valid_exclusion_from_graph_skin,defect_rectangular_domain_includes_boundary_or_cap,0
ma8_a10_h40km,12,lower,5833,31,1,0.012500000000000001,0.77500000000000002,2.4062266332607294,0.79904592499999993,,outside_stl_support,2208;4511,0.4479698426015874,,,2208,0,2185,1,3.8657936120963979e-06,4568,0.00021409375494321981,181,LE,0.0046656633428168231,outside sheet-specific graph-skin domain,valid_exclusion_from_graph_skin,defect_rectangular_domain_includes_boundary_or_cap,0
ma8_a10_h40km,12,lower,5913,32,0,0,0.80000000000000004,2.4704575679583756,0.82482159999999993,,outside_stl_support,,,,,2217,0.0003091044709584073,2185,1,0.0047880500534723085,4568,0.0048669809044828627,181,LE,1.1102230246251565e-16,outside sheet-specific graph-skin domain,valid_exclusion_from_graph_skin,defect_rectangular_domain_includes_boundary_or_cap,0
ma8_a10_h40km,12,lower,5914,32,1,0.012500000000000001,0.80000000000000004,2.4845643483588957,0.82482159999999993,,outside_stl_support,2208;4522,0.410915873194382,,,2208,0,2185,1,0.00045184870241937747,4568,0.00050526186722708389,181,LE,0.004359236811268115,outside sheet-specific graph-skin domain,valid_exclusion_from_graph_skin,defect_rectangular_domain_includes_boundary_or_cap,0
ma8_a10_h40km,12,lower,5994,33,0,0,0.82500000000000007,2.5757314331024568,0.85059727500000004,,outside_stl_support,,,,,1965,0.00017374145069958078,5748,2,0.0049480491399426134,5748,0.0049480491399426134,182,LE,0,outside sheet-specific graph-skin domain,valid_exclusion_from_graph_skin,defect_rectangular_domain_includes_boundary_or_cap,0
ma8_a10_h40km,12,lower,5995,33,1,0.012500000000000001,0.82500000000000007,2.588522290188676,0.85059727500000004,,outside_stl_support,1966;5758,0.33304844071967621,,,1966,0,5748,2,0.0027410550243899888,5748,0.0027410550243899888,182,LE,0.0022211074496170571,outside sheet-specific graph-skin domain,valid_exclusion_from_graph_skin,defect_rectangular_domain_includes_boundary_or_cap,0
ma8_a10_h40km,12,lower,5996,33,2,0.025000000000000001,0.82500000000000007,2.6013131472748952,0.85059727500000004,,outside_stl_support,1976;5759,0.42303523083541805,,,1976,0,5748,2,0.00053406090883740772,5748,0.00053406090883740772,182,LE,0.0044422148992341141,outside sheet-specific graph-skin domain,valid_exclusion_from_graph_skin,defect_rectangular_domain_includes_boundary_or_cap,0
ma8_a10_h40km,12,lower,6075,34,0,0,0.85000000000000009,2.721912656944963,0.87637295000000004,,outside_stl_support,,,,,1965,0.0001737281210325828,5748,2,0.0051143428177011872,5748,0.0051143428177011872,182,LE,0,outside sheet-specific graph-skin domain,valid_exclusion_from_graph_skin,defect_rectangular_domain_includes_boundary_or_cap,0
ma8_a10_h40km,12,lower,6076,34,1,0.012500000000000001,0.85000000000000009,2.732876248733151,0.87637295000000004,,outside_stl_support,1974;5763,0.25510934315742428,,,1974,0,5748,2,0.0032226335757988885,5748,0.0032226335757988885,182,LE,0.0019038063853860534,outside sheet-specific graph-skin domain,valid_exclusion_from_graph_skin,defect_rectangular_domain_includes_boundary_or_cap,0
ma8_a10_h40km,12,lower,6077,34,2,0.025000000000000001,0.85000000000000009,2.7438398405213391,0.87637295000000004,,outside_stl_support,1977;5759,0.4222343264194478,,,1977,0,5748,2,0.0013309243338965905,5748,0.0013309243338965905,182,LE,0.0038076127707721069,outside sheet-specific graph-skin domain,valid_exclusion_from_graph_skin,defect_rectangular_domain_includes_boundary_or_cap,0
ma8_a10_h40km,12,lower,6156,35,0,0,0.875,2.8680938807874687,0.90214862499999993,,outside_stl_support,,,,,1965,0.00017371479136547548,5748,2,0.0052806364954596507,5748,0.0052806364954596507,182,LE,0,outside sheet-specific graph-skin domain,valid_exclusion_from_graph_skin,defect_rectangular_domain_includes_boundary_or_cap,0
ma8_a10_h40km,12,lower,6157,35,1,0.012500000000000001,0.875,2.8772302072776252,0.90214862499999993,,outside_stl_support,1974;5763,0.25510934315742428,,,1974,0,5748,2,0.0037042121272078217,5748,0.0037042121272078217,182,LE,0.00158650532115505,outside sheet-specific graph-skin domain,valid_exclusion_from_graph_skin,defect_rectangular_domain_includes_boundary_or_cap,0
ma8_a10_h40km,12,lower,6158,35,2,0.025000000000000001,0.875,2.8863665337677822,0.90214862499999993,,outside_stl_support,1977;5759,0.4222343264194478,,,1977,0,5748,2,0.0021277877589558829,5748,0.0021277877589558829,182,LE,0.0031730106423101772,outside sheet-specific graph-skin domain,valid_exclusion_from_graph_skin,defect_rectangular_domain_includes_boundary_or_cap,0
ma8_a10_h40km,12,lower,6159,35,3,0.037500000000000006,0.875,2.8955028602579387,0.90214862499999993,,outside_stl_support,1976;5760,0.42303523083541805,,,1976,0,5748,2,0.00055136339070405312,5748,0.00055136339070405312,182,LE,0.0047595159634652266,outside sheet-specific graph-skin domain,valid_exclusion_from_graph_skin,defect_rectangular_domain_includes_boundary_or_cap,0
ma8_a10_h40km,12,lower,6237,36,0,0,0.90000000000000002,3.0142751046299749,0.92792429999999992,,outside_stl_support,,,,,1965,0.00017370146169847747,5748,2,0.0054469301732181915,5748,0.0054469301732181915,182,LE,0,outside sheet-specific graph-skin domain,valid_exclusion_from_graph_skin,defect_rectangular_domain_includes_boundary_or_cap,0
ma8_a10_h40km,12,lower,6238,36,1,0.012500000000000001,0.90000000000000002,3.0215841658221003,0.92792429999999992,,outside_stl_support,1973;5762,0.25531959950063088,,,1973,0,5748,2,0.0041857906786166446,5748,0.0041857906786166446,182,LE,0.0012692042569240464,outside sheet-specific graph-skin domain,valid_exclusion_from_graph_skin,defect_rectangular_domain_includes_boundary_or_cap,0
ma8_a10_h40km,12,lower,6239,36,2,0.025000000000000001,0.90000000000000002,3.0288932270142257,0.92792429999999992,,outside_stl_support,1966;5758,0.33304844071967621,,,1966,0,5748,2,0.0029246511840151745,5748,0.0029246511840151745,182,LE,0.0025384085138480607,outside sheet-specific graph-skin domain,valid_exclusion_from_graph_skin,defect_rectangular_domain_includes_boundary_or_cap,0
ma8_a10_h40km,12,lower,6240,36,3,0.037500000000000006,0.90000000000000002,3.0362022882063511,0.92792429999999992,,outside_stl_support,1977;5759,0.4222343264194478,,,1977,0,5748,2,0.0016635116894137046,5748,0.0016635116894137046,182,LE,0.0038076127707721069,outside sheet-specific graph-skin domain,valid_exclusion_from_graph_skin,defect_rectangular_domain_includes_boundary_or_cap,0
ma8_a10_h40km,12,lower,6241,36,4,0.050000000000000003,0.90000000000000002,3.043511349398476,0.92792429999999992,,outside_stl_support,1976;5760,0.42303523083541805,,,1976,0,5748,2,0.00040237219481223445,5748,0.00040237219481223445,182,LE,0.0050768170276961214,outside sheet-specific graph-skin domain,valid_exclusion_from_graph_skin,defect_rectangular_domain_includes_boundary_or_cap,0
ma8_a10_h40km,12,lower,6318,37,0,0,0.92500000000000004,3.1604563284724811,0.95369997499999992,,outside_stl_support,,,,,1965,0.00017368813203147949,5748,2,0.0056132238509768425,5748,0.0056132238509768425,182,LE,0,outside sheet-specific graph-skin domain,valid_exclusion_from_graph_skin,defect_rectangular_domain_includes_boundary_or_cap,0
ma8_a10_h40km,12,lower,6319,37,1,0.012500000000000001,0.92500000000000004,3.165938124366575,0.95369997499999992,,outside_stl_support,1973;5762,0.25531959950063088,,,1973,0,5748,2,0.0046673692300256541,5748,0.0046673692300256541,182,LE,0.00095190319269301067,outside sheet-specific graph-skin domain,valid_exclusion_from_graph_skin,defect_rectangular_domain_includes_boundary_or_cap,0
ma8_a10_h40km,12,lower,6320,37,2,0.025000000000000001,0.92500000000000004,3.1714199202606692,0.95369997499999992,,outside_stl_support,1973;5763,0.25531959950063088,,,1973,0,5748,2,0.0037215146090745438,5748,0.0037215146090745438,182,LE,0.0019038063853860534,outside sheet-specific graph-skin domain,valid_exclusion_from_graph_skin,defect_rectangular_domain_includes_boundary_or_cap,0
ma8_a10_h40km,12,lower,6321,37,3,0.037500000000000006,0.92500000000000004,3.176901716154763,0.95369997499999992,,outside_stl_support,1966;5758,0.33304844071967621,,,1966,0,5748,2,0.0027756599881233563,5748,0.0027756599881233563,182,LE,0.0028557095780790643,outside sheet-specific graph-skin domain,valid_exclusion_from_graph_skin,defect_rectangular_domain_includes_boundary_or_cap,0
ma8_a10_h40km,12,lower,6322,37,4,0.050000000000000003,0.92500000000000004,3.1823835120488573,0.95369997499999992,,outside_stl_support,1977;5760,0.41752896878568613,,,1977,0,5748,2,0.0018298053671722454,5748,0.0018298053671722454,182,LE,0.0038076127707721069,outside sheet-specific graph-skin domain,valid_exclusion_from_graph_skin,defect_rectangular_domain_includes_boundary_or_cap,0
ma8_a10_h40km,12,lower,6323,37,5,0.0625,0.92500000000000004,3.1878653079429511,0.95369997499999992,,outside_stl_support,1977;5760,0.41752896878568613,,,1977,0,5748,2,0.00088395074622116732,5748,0.00088395074622116732,182,LE,0.0047595159634651173,outside sheet-specific graph-skin domain,valid_exclusion_from_graph_skin,defect_rectangular_domain_includes_boundary_or_cap,0
ma8_a10_h40km,12,lower,6399,38,0,0,0.95000000000000007,3.3066375523149882,0.97947565000000003,,outside_stl_support,,,,,1965,0.00017367480236455863,5748,2,0.0057795175287353824,5748,0.0057795175287353824,182,LE,0,outside sheet-specific graph-skin domain,valid_exclusion_from_graph_skin,defect_rectangular_domain_includes_boundary_or_cap,0
ma8_a10_h40km,12,lower,6400,38,1,0.012500000000000001,0.95000000000000007,3.3102920829110509,0.97947565000000003,,outside_stl_support,1964;5740,0.085953012844385529,,,1964,0,5748,2,0.0051489477814345543,5748,0.0051489477814345543,182,LE,0.00063460212846211644,outside sheet-specific graph-skin domain,valid_exclusion_from_graph_skin,defect_rectangular_domain_includes_boundary_or_cap,0
ma8_a10_h40km,12,lower,6401,38,2,0.025000000000000001,0.95000000000000007,3.3139466135071136,0.97947565000000003,,outside_stl_support,1973;5763,0.25531959950063088,,,1973,0,5748,2,0.0045183780341337262,5748,0.0045183780341337262,182,LE,0.0012692042569240464,outside sheet-specific graph-skin domain,valid_exclusion_from_graph_skin,defect_rectangular_domain_includes_boundary_or_cap,0
ma8_a10_h40km,12,lower,6402,38,3,0.037500000000000006,0.95000000000000007,3.3176011441031763,0.97947565000000003,,outside_stl_support,1973;5763,0.25531959950063088,,,1973,0,5748,2,0.0038878082868330078,5748,0.0038878082868330078,182,LE,0.0019038063853860534,outside sheet-specific graph-skin domain,valid_exclusion_from_graph_skin,defect_rectangular_domain_includes_boundary_or_cap,0
ma8_a10_h40km,12,lower,6403,38,4,0.050000000000000003,0.95000000000000007,3.321255674699239,0.97947565000000003,,outside_stl_support,1974;5763,0.25510934315742428,,,1974,0,5748,2,0.0032572385395322565,5748,0.0032572385395322565,182,LE,0.0025384085138480607,outside sheet-specific graph-skin domain,valid_exclusion_from_graph_skin,defect_rectangular_domain_includes_boundary_or_cap,0
ma8_a10_h40km,12,lower,6404,38,5,0.0625,0.95000000000000007,3.3249102052953017,0.97947565000000003,,outside_stl_support,1977;5759,0.4222343264194478,,,1977,0,5748,2,0.0026266687922315377,5748,0.0026266687922315377,182,LE,0.0031730106423101001,outside sheet-specific graph-skin domain,valid_exclusion_from_graph_skin,defect_rectangular_domain_includes_boundary_or_cap,0
ma8_a10_h40km,12,lower,6405,38,6,0.075000000000000011,0.95000000000000007,3.3285647358913639,0.97947565000000003,,outside_stl_support,1977;5760,0.41752896878568613,,,1977,0,5748,2,0.0019960990449308185,5748,0.0019960990449308185,182,LE,0.0038076127707719976,outside sheet-specific graph-skin domain,valid_exclusion_from_graph_skin,defect_rectangular_domain_includes_boundary_or_cap,0
ma8_a10_h40km,12,lower,6406,38,7,0.087500000000000008,0.95000000000000007,3.3322192664874266,0.97947565000000003,,outside_stl_support,1977;5760,0.41752896878568613,,,1977,0,5748,2,0.0013655292976300674,5748,0.0013655292976300674,182,LE,0.0044422148992341141,outside sheet-specific graph-skin domain,valid_exclusion_from_graph_skin,defect_rectangular_domain_includes_boundary_or_cap,0
ma8_a10_h40km,12,lower,6407,38,8,0.10000000000000001,0.95000000000000007,3.3358737970834893,0.97947565000000003,,outside_stl_support,1977;5760,0.41752896878568613,,,1977,0,5748,2,0.00073495955032934859,5748,0.00073495955032934859,182,LE,0.0050768170276962307,outside sheet-specific graph-skin domain,valid_exclusion_from_graph_skin,defect_rectangular_domain_includes_boundary_or_cap,0
ma8_a10_h40km,12,lower,6408,38,9,0.1125,0.95000000000000007,3.339528327679552,0.97947565000000003,,outside_stl_support,1976;5760,0.42303523083541805,,,1976,0,5748,2,0.0001043898030285205,5748,0.0001043898030285205,182,LE,0.0057114191561581608,outside sheet-specific graph-skin domain,valid_exclusion_from_graph_skin,defect_rectangular_domain_includes_boundary_or_cap,0
ma8_a10_h40km,12,lower,6480,39,0,0,0.97500000000000009,3.452818776157494,1.0052513249999999,,outside_stl_support,,,,,1965,0.00017366147269745128,5748,2,0.0059458112064938468,5748,0.0059458112064938468,182,LE,0,outside sheet-specific graph-skin domain,valid_exclusion_from_graph_skin,defect_rectangular_domain_includes_boundary_or_cap,0
ma8_a10_h40km,12,lower,6481,39,1,0.012500000000000001,0.97500000000000009,3.4546460414555251,1.0052513249999999,,outside_stl_support,1964;5740,0.085953012844385529,,,1964,0,5748,2,0.0056305263328434874,5748,0.0056305263328434874,182,LE,0.00031730106423100358,outside sheet-specific graph-skin domain,valid_exclusion_from_graph_skin,defect_rectangular_domain_includes_boundary_or_cap,0
ma8_a10_h40km,12,lower,6482,39,2,0.025000000000000001,0.97500000000000009,3.4564733067535567,1.0052513249999999,,outside_stl_support,1964;5740,0.085953012844385529,,,1964,0,5748,2,0.0053152414591930187,5748,0.0053152414591930187,182,LE,0.00063460212846200715,outside sheet-specific graph-skin domain,valid_exclusion_from_graph_skin,defect_rectangular_domain_includes_boundary_or_cap,0
ma8_a10_h40km,12,lower,6483,39,3,0.037500000000000006,0.97500000000000009,3.4583005720515878,1.0052513249999999,,outside_stl_support,1973;5762,0.25531959950063088,,,1973,0,5748,2,0.004999956585542845,5748,0.004999956585542845,182,LE,0.00095190319269293359,outside sheet-specific graph-skin domain,valid_exclusion_from_graph_skin,defect_rectangular_domain_includes_boundary_or_cap,0
ma8_a10_h40km,12,lower,6484,39,4,0.050000000000000003,0.97500000000000009,3.4601278373496194,1.0052513249999999,,outside_stl_support,1973;5763,0.25531959950063088,,,1973,0,5748,2,0.0046846717118923771,5748,0.0046846717118923771,182,LE,0.0012692042569241559,outside sheet-specific graph-skin domain,valid_exclusion_from_graph_skin,defect_rectangular_domain_includes_boundary_or_cap,0
ma8_a10_h40km,12,lower,6485,39,5,0.0625,0.97500000000000009,3.4619551026476505,1.0052513249999999,,outside_stl_support,1973;5763,0.25531959950063088,,,1973,0,5748,2,0.0043693868382419076,5748,0.0043693868382419076,182,LE,0.0015865053211551593,outside sheet-specific graph-skin domain,valid_exclusion_from_graph_skin,defect_rectangular_domain_includes_boundary_or_cap,0
ma8_a10_h40km,12,lower,6486,39,6,0.075000000000000011,0.97500000000000009,3.4637823679456821,1.0052513249999999,,outside_stl_support,1973;5763,0.25531959950063088,,,1973,0,5748,2,0.0040541019645914389,5748,0.0040541019645914389,182,LE,0.0019038063853861629,outside sheet-specific graph-skin domain,valid_exclusion_from_graph_skin,defect_rectangular_domain_includes_boundary_or_cap,0
ma8_a10_h40km,12,lower,6487,39,7,0.087500000000000008,0.97500000000000009,3.4656096332437132,1.0052513249999999,,outside_stl_support,1973;5763,0.25531959950063088,,,1973,0,5748,2,0.0037388170909411888,5748,0.0037388170909411888,182,LE,0.0022211074496171664,outside sheet-specific graph-skin domain,valid_exclusion_from_graph_skin,defect_rectangular_domain_includes_boundary_or_cap,0
ma8_a10_h40km,12,lower,6488,39,8,0.10000000000000001,0.97500000000000009,3.4674368985417447,1.0052513249999999,,outside_stl_support,1973;5763,0.25531959950063088,,,1973,0,5748,2,0.0034235322172907205,5748,0.0034235322172907205,182,LE,0.00253840851384817,outside sheet-specific graph-skin domain,valid_exclusion_from_graph_skin,defect_rectangular_domain_includes_boundary_or_cap,0
ma8_a10_h40km,12,lower,6489,39,9,0.1125,0.97500000000000009,3.4692641638397759,1.0052513249999999,,outside_stl_support,1966;5758,0.33304844071967621,,,1966,0,5748,2,0.0031082473436405468,5748,0.0031082473436405468,182,LE,0.0028557095780790964,outside sheet-specific graph-skin domain,valid_exclusion_from_graph_skin,defect_rectangular_domain_includes_boundary_or_cap,0
ma8_a10_h40km,12,lower,6490,39,10,0.125,0.97500000000000009,3.4710914291378074,1.0052513249999999,,outside_stl_support,1977;5760,0.41752896878568613,,,1977,0,5748,2,0.0027929624699900781,5748,0.0027929624699900781,182,LE,0.0031730106423101001,outside sheet-specific graph-skin domain,valid_exclusion_from_graph_skin,defect_rectangular_domain_includes_boundary_or_cap,0
ma8_a10_h40km,12,lower,6491,39,11,0.13750000000000001,0.97500000000000009,3.4729186944358386,1.0052513249999999,,outside_stl_support,1977;5760,0.41752896878568613,,,1977,0,5748,2,0.0024776775963396098,5748,0.0024776775963396098,182,LE,0.0034903117065411037,outside sheet-specific graph-skin domain,valid_exclusion_from_graph_skin,defect_rectangular_domain_includes_boundary_or_cap,0
ma8_a10_h40km,12,lower,6492,39,12,0.15000000000000002,0.97500000000000009,3.4747459597338701,1.0052513249999999,,outside_stl_support,1977;5760,0.41752896878568613,,,1977,0,5748,2,0.0021623927226893597,5748,0.0021623927226893597,182,LE,0.0038076127707721069,outside sheet-specific graph-skin domain,valid_exclusion_from_graph_skin,defect_rectangular_domain_includes_boundary_or_cap,0
ma8_a10_h40km,12,lower,6493,39,13,0.16250000000000001,0.97500000000000009,3.4765732250319012,1.0052513249999999,,outside_stl_support,1977;5760,0.41752896878568613,,,1977,0,5748,2,0.0018471078490388908,5748,0.0018471078490388908,182,LE,0.0041249138350031109,outside sheet-specific graph-skin domain,valid_exclusion_from_graph_skin,defect_rectangular_domain_includes_boundary_or_cap,0
ma8_a10_h40km,12,lower,6494,39,14,0.17500000000000002,0.97500000000000009,3.4784004903299324,1.0052513249999999,,outside_stl_support,1977;5760,0.41752896878568613,,,1977,0,5748,2,0.0015318229753886409,5748,0.0015318229753886409,182,LE,0.0044422148992341141,outside sheet-specific graph-skin domain,valid_exclusion_from_graph_skin,defect_rectangular_domain_includes_boundary_or_cap,0
ma8_a10_h40km,12,lower,6495,39,15,0.1875,0.97500000000000009,3.4802277556279639,1.0052513249999999,,outside_stl_support,1977;5760,0.41752896878568613,,,1977,0,5748,2,0.001216538101738172,5748,0.001216538101738172,182,LE,0.0047595159634651173,outside sheet-specific graph-skin domain,valid_exclusion_from_graph_skin,defect_rectangular_domain_includes_boundary_or_cap,0
ma8_a10_h40km,12,lower,6496,39,16,0.20000000000000001,0.97500000000000009,3.4820550209259951,1.0052513249999999,,outside_stl_support,1977;5760,0.41752896878568613,,,1977,0,5748,2,0.00090125322808777997,5748,0.00090125322808777997,182,LE,0.0050768170276961214,outside sheet-specific graph-skin domain,valid_exclusion_from_graph_skin,defect_rectangular_domain_includes_boundary_or_cap,0
ma8_a10_h40km,12,lower,6497,39,17,0.21250000000000002,0.97500000000000009,3.4838822862240266,1.0052513249999999,,outside_stl_support,1977;5760,0.41752896878568613,,,1977,0,5748,2,0.00058596835443731118,5748,0.00058596835443731118,182,LE,0.005394118091927266,outside sheet-specific graph-skin domain,valid_exclusion_from_graph_skin,defect_rectangular_domain_includes_boundary_or_cap,0
ma8_a10_h40km,12,lower,6498,39,18,0.22500000000000001,0.97500000000000009,3.4857095515220577,1.0052513249999999,,outside_stl_support,1977;5760,0.41752896878568613,,,1977,0,5748,2,0.00027068348078706117,5748,0.00027068348078706117,182,LE,0.0057114191561580515,outside sheet-specific graph-skin domain,valid_exclusion_from_graph_skin,defect_rectangular_domain_includes_boundary_or_cap,0
ma8_a10_h40km,12,lower,6561,40,0,0,1,3.5989941527510467,1.0310269999999999,,degenerate_planform_chord,,,,,1965,0.0001746635069531309,5748,2,0.0061133156869430626,5748,0.0061133156869430626,182,tip,1.0153634055261781e-06,sheet graph-skin terminates at the STL skin/cap boundary; no 81-node rectangular tip row,valid_exclusion_from_graph_skin,defect_duplicate_degenerate_tip_row,0
ma8_a10_h40km,12,lower,6562,40,1,0.012500000000000001,1,3.5989942258416585,1.0310269999999999,,degenerate_planform_chord,,,,,1965,0.00017465081490413562,5748,2,0.0061133036614898157,5748,0.0061133036614898157,182,tip,1.0026713628977184e-06,sheet graph-skin terminates at the STL skin/cap boundary; no 81-node rectangular tip row,valid_exclusion_from_graph_skin,defect_duplicate_degenerate_tip_row,0
ma8_a10_h40km,12,lower,6563,40,2,0.025000000000000001,1,3.5989942989322707,1.0310269999999999,,degenerate_planform_chord,,,,,1965,0.00017463812285499879,5748,2,0.0061132916368867134,5748,0.0061132916368867134,182,tip,9.8997932041081458e-07,sheet graph-skin terminates at the STL skin/cap boundary; no 81-node rectangular tip row,valid_exclusion_from_graph_skin,defect_duplicate_degenerate_tip_row,0
ma8_a10_h40km,12,lower,6564,40,3,0.037500000000000006,1,3.5989943720228825,1.0310269999999999,,degenerate_planform_chord,,,,,1965,0.0001746254308060035,5748,2,0.0061132796131339057,5748,0.0061132796131339057,182,tip,9.7728727784679563e-07,sheet graph-skin terminates at the STL skin/cap boundary; no 81-node rectangular tip row,valid_exclusion_from_graph_skin,defect_duplicate_degenerate_tip_row,0
ma8_a10_h40km,12,lower,6565,40,4,0.050000000000000003,1,3.5989944451134943,1.0310269999999999,,degenerate_planform_chord,,,,,1965,0.00017461273875700822,5748,2,0.006113267590231326,5748,0.006113267590231326,182,tip,9.6459523521833589e-07,sheet graph-skin terminates at the STL skin/cap boundary; no 81-node rectangular tip row,valid_exclusion_from_graph_skin,defect_duplicate_degenerate_tip_row,0
ma8_a10_h40km,12,lower,6566,40,5,0.0625,1,3.5989945182041065,1.0310269999999999,,degenerate_planform_chord,,,,,1965,0.0001746000467077943,5748,2,0.0061132555681789056,5748,0.0061132555681789056,182,tip,9.519031925127609e-07,sheet graph-skin terminates at the STL skin/cap boundary; no 81-node rectangular tip row,valid_exclusion_from_graph_skin,defect_duplicate_degenerate_tip_row,0
ma8_a10_h40km,12,lower,6567,40,6,0.075000000000000011,1,3.5989945912947183,1.0310269999999999,,degenerate_planform_chord,,,,,1965,0.00017458735465879902,5748,2,0.0061132435469767954,5748,0.0061132435469767954,182,tip,9.3921115002585721e-07,sheet graph-skin terminates at the STL skin/cap boundary; no 81-node rectangular tip row,valid_exclusion_from_graph_skin,defect_duplicate_degenerate_tip_row,0
ma8_a10_h40km,12,lower,6568,40,7,0.087500000000000008,1,3.5989946643853301,1.0310269999999999,,degenerate_planform_chord,,,,,5739,0.00017457466260980374,5748,2,0.006113231526624927,5748,0.006113231526624927,182,tip,9.2651910753895352e-07,sheet graph-skin terminates at the STL skin/cap boundary; no 81-node rectangular tip row,valid_exclusion_from_graph_skin,defect_duplicate_degenerate_tip_row,0
ma8_a10_h40km,12,lower,6569,40,8,0.10000000000000001,1,3.5989947374759419,1.0310269999999999,,degenerate_planform_chord,,,,,5739,0.00017456197056080848,5748,2,0.0061132195071233074,5748,0.0061132195071233074,182,tip,9.1382706512916497e-07,sheet graph-skin terminates at the STL skin/cap boundary; no 81-node rectangular tip row,valid_exclusion_from_graph_skin,defect_duplicate_degenerate_tip_row,0
ma8_a10_h40km,12,lower,6570,40,9,0.1125,1,3.5989948105665541,1.0310269999999999,,degenerate_planform_chord,,,,,1965,0.00017454927851181319,5748,2,0.0061132074884718652,5748,0.0061132074884718652,182,tip,9.0113502242359009e-07,sheet graph-skin terminates at the STL skin/cap boundary; no 81-node rectangular tip row,valid_exclusion_from_graph_skin,defect_duplicate_degenerate_tip_row,0
ma8_a10_h40km,12,lower,6571,40,10,0.125,1,3.5989948836571659,1.0310269999999999,,degenerate_planform_chord,,,,,1965,0.00017453658646281791,5748,2,0.0061131954706707551,5748,0.0061131954706707551,182,tip,8.884429797180151e-07,sheet graph-skin terminates at the STL skin/cap boundary; no 81-node rectangular tip row,valid_exclusion_from_graph_skin,defect_duplicate_degenerate_tip_row,0
ma8_a10_h40km,12,lower,6572,40,11,0.13750000000000001,1,3.5989949567477777,1.0310269999999999,,degenerate_planform_chord,,,,,5739,0.00017452389441368108,5748,2,0.0061131834537199066,5748,0.0061131834537199066,182,tip,8.757509372311113e-07,sheet graph-skin terminates at the STL skin/cap boundary; no 81-node rectangular tip row,valid_exclusion_from_graph_skin,defect_duplicate_degenerate_tip_row,0
ma8_a10_h40km,12,lower,6573,40,12,0.15000000000000002,1,3.5989950298383899,1.0310269999999999,,degenerate_planform_chord,,,,,1965,0.00017451120236468582,5748,2,0.0061131714376192522,5748,0.0061131714376192522,182,tip,8.6305889474420761e-07,sheet graph-skin terminates at the STL skin/cap boundary; no 81-node rectangular tip row,valid_exclusion_from_graph_skin,defect_duplicate_degenerate_tip_row,0
ma8_a10_h40km,12,lower,6574,40,13,0.16250000000000001,1,3.5989951029290017,1.0310269999999999,,degenerate_planform_chord,,,,,1965,0.00017449851031569054,5748,2,0.0061131594223689445,5748,0.0061131594223689445,182,tip,8.5036685203863272e-07,sheet graph-skin terminates at the STL skin/cap boundary; no 81-node rectangular tip row,valid_exclusion_from_graph_skin,defect_duplicate_degenerate_tip_row,0
ma8_a10_h40km,12,lower,6575,40,14,0.17500000000000002,1,3.5989951760196135,1.0310269999999999,,degenerate_planform_chord,,,,,1965,0.00017448581826669525,5748,2,0.0061131474079689123,5748,0.0061131474079689123,182,tip,8.3767480955172892e-07,sheet graph-skin terminates at the STL skin/cap boundary; no 81-node rectangular tip row,valid_exclusion_from_graph_skin,defect_duplicate_degenerate_tip_row,0
ma8_a10_h40km,12,lower,6576,40,15,0.1875,1,3.5989952491102253,1.0310269999999999,,degenerate_planform_chord,,,,,1965,0.00017447312621769997,5748,2,0.0061131353944191636,5748,0.0061131353944191636,182,tip,8.2498276692326919e-07,sheet graph-skin terminates at the STL skin/cap boundary; no 81-node rectangular tip row,valid_exclusion_from_graph_skin,defect_duplicate_degenerate_tip_row,0
ma8_a10_h40km,12,lower,6577,40,16,0.20000000000000001,1,3.5989953222008375,1.0310269999999999,,degenerate_planform_chord,,,,,1965,0.00017446043416848603,5748,2,0.0061131233817196297,5748,0.0061131233817196297,182,tip,8.122907244363655e-07,sheet graph-skin terminates at the STL skin/cap boundary; no 81-node rectangular tip row,valid_exclusion_from_graph_skin,defect_duplicate_degenerate_tip_row,0
ma8_a10_h40km,12,lower,6578,40,17,0.21250000000000002,1,3.5989953952914493,1.0310269999999999,,degenerate_planform_chord,,,,,5739,0.00017444774211949077,5748,2,0.0061131113698704607,5748,0.0061131113698704607,182,tip,7.995986819494618e-07,sheet graph-skin terminates at the STL skin/cap boundary; no 81-node rectangular tip row,valid_exclusion_from_graph_skin,defect_duplicate_degenerate_tip_row,0
ma8_a10_h40km,12,lower,6579,40,18,0.22500000000000001,1,3.5989954683820611,1.0310269999999999,,degenerate_planform_chord,,,,,1965,0.0001744350500705726,5748,2,0.0061130993588715899,5748,0.0061130993588715899,182,tip,7.8690663924388681e-07,sheet graph-skin terminates at the STL skin/cap boundary; no 81-node rectangular tip row,valid_exclusion_from_graph_skin,defect_duplicate_degenerate_tip_row,0
ma8_a10_h40km,12,lower,6580,40,19,0.23750000000000002,1,3.5989955414726733,1.0310269999999999,,degenerate_planform_chord,,,,,1965,0.00017442235802157734,5748,2,0.0061130873487229478,5748,0.0061130873487229478,182,tip,7.7421459653831182e-07,sheet graph-skin terminates at the STL skin/cap boundary; no 81-node rectangular tip row,valid_exclusion_from_graph_skin,defect_duplicate_degenerate_tip_row,0
ma8_a10_h40km,12,lower,6581,40,20,0.25,1,3.5989956145632851,1.0310269999999999,,degenerate_planform_chord,,,,,1965,0.00017440966597236337,5748,2,0.0061130753394246871,5748,0.0061130753394246871,182,tip,7.6152255412852328e-07,sheet graph-skin terminates at the STL skin/cap boundary; no 81-node rectangular tip row,valid_exclusion_from_graph_skin,defect_duplicate_degenerate_tip_row,0
ma8_a10_h40km,12,lower,6582,40,21,0.26250000000000001,1,3.5989956876538969,1.0310269999999999,,degenerate_planform_chord,,,,,1965,0.00017439697392336812,5748,2,0.0061130633309767375,5748,0.0061130633309767375,182,tip,7.4883051156450444e-07,sheet graph-skin terminates at the STL skin/cap boundary; no 81-node rectangular tip row,valid_exclusion_from_graph_skin,defect_duplicate_degenerate_tip_row,0
ma8_a10_h40km,12,lower,6583,40,22,0.27500000000000002,1,3.5989957607445091,1.0310269999999999,,degenerate_planform_chord,,,,,1965,0.00017438428187437283,5748,2,0.006113051323379034,5748,0.006113051323379034,182,tip,7.3613846885892945e-07,sheet graph-skin terminates at the STL skin/cap boundary; no 81-node rectangular tip row,valid_exclusion_from_graph_skin,defect_duplicate_degenerate_tip_row,0
ma8_a10_h40km,12,lower,6584,40,23,0.28750000000000003,1,3.5989958338351209,1.0310269999999999,,degenerate_planform_chord,,,,,1965,0.00017437158982537755,5748,2,0.006113039316631725,5748,0.006113039316631725,182,tip,7.2344642644914101e-07,sheet graph-skin terminates at the STL skin/cap boundary; no 81-node rectangular tip row,valid_exclusion_from_graph_skin,defect_duplicate_degenerate_tip_row,0
ma8_a10_h40km,12,lower,6585,40,24,0.30000000000000004,1,3.5989959069257327,1.0310269999999999,,degenerate_planform_chord,,,,,1965,0.00017435889777638229,5748,2,0.0061130273107347444,5748,0.0061130273107347444,182,tip,7.1075438382068117e-07,sheet graph-skin terminates at the STL skin/cap boundary; no 81-node rectangular tip row,valid_exclusion_from_graph_skin,defect_duplicate_degenerate_tip_row,0
ma8_a10_h40km,12,lower,6586,40,25,0.3125,1,3.5989959800163449,1.0310269999999999,,degenerate_planform_chord,,,,,5739,0.00017434620572716832,5748,2,0.0061130153056880221,5748,0.0061130153056880221,182,tip,6.9806234133377748e-07,sheet graph-skin terminates at the STL skin/cap boundary; no 81-node rectangular tip row,valid_exclusion_from_graph_skin,defect_duplicate_degenerate_tip_row,0
ma8_a10_h40km,12,lower,6587,40,26,0.32500000000000001,1,3.5989960531069567,1.0310269999999999,,degenerate_planform_chord,,,,,5739,0.00017433351367817306,5748,2,0.0061130033014917115,5748,0.0061130033014917115,182,tip,6.8537029876975853e-07,sheet graph-skin terminates at the STL skin/cap boundary; no 81-node rectangular tip row,valid_exclusion_from_graph_skin,defect_duplicate_degenerate_tip_row,0
ma8_a10_h40km,12,lower,6588,40,27,0.33750000000000002,1,3.5989961261975685,1.0310269999999999,,degenerate_planform_chord,,,,,1965,0.00017432082162925489,5748,2,0.0061129912981457432,5748,0.0061129912981457432,182,tip,6.7267825614129879e-07,sheet graph-skin terminates at the STL skin/cap boundary; no 81-node rectangular tip row,valid_exclusion_from_graph_skin,defect_duplicate_degenerate_tip_row,0
ma8_a10_h40km,12,lower,6589,40,28,0.35000000000000003,1,3.5989961992881803,1.0310269999999999,,degenerate_planform_chord,,,,,1965,0.00017430812958025963,5748,2,0.0061129792956501217,5748,0.0061129792956501217,182,tip,6.599862136543951e-07,sheet graph-skin terminates at the STL skin/cap boundary; no 81-node rectangular tip row,valid_exclusion_from_graph_skin,defect_duplicate_degenerate_tip_row,0
ma8_a10_h40km,12,lower,6590,40,29,0.36250000000000004,1,3.5989962723787925,1.0310269999999999,,degenerate_planform_chord,,,,,1965,0.00017429543753104567,5748,2,0.006112967294004781,5748,0.006112967294004781,182,tip,6.4729417102593537e-07,sheet graph-skin terminates at the STL skin/cap boundary; no 81-node rectangular tip row,valid_exclusion_from_graph_skin,defect_duplicate_degenerate_tip_row,0
ma8_a10_h40km,12,lower,6591,40,30,0.375,1,3.5989963454694043,1.0310269999999999,,degenerate_planform_chord,,,,,1965,0.00017428274548205041,5748,2,0.0061129552932098702,5748,0.0061129552932098702,182,tip,6.3460212846191642e-07,sheet graph-skin terminates at the STL skin/cap boundary; no 81-node rectangular tip row,valid_exclusion_from_graph_skin,defect_duplicate_degenerate_tip_row,0
ma8_a10_h40km,12,lower,6592,40,31,0.38750000000000001,1,3.5989964185600161,1.0310269999999999,,degenerate_planform_chord,,,,,1965,0.00017427005343305512,5748,2,0.0061129432932653226,5748,0.0061129432932653226,182,tip,6.2191008605212787e-07,sheet graph-skin terminates at the STL skin/cap boundary; no 81-node rectangular tip row,valid_exclusion_from_graph_skin,defect_duplicate_degenerate_tip_row,0
ma8_a10_h40km,12,lower,6593,40,32,0.40000000000000002,1,3.5989964916506283,1.0310269999999999,,degenerate_planform_chord,,,,,1965,0.00017425736138405987,5748,2,0.0061129312941710697,5748,0.0061129312941710697,182,tip,6.0921804334655288e-07,sheet graph-skin terminates at the STL skin/cap boundary; no 81-node rectangular tip row,valid_exclusion_from_graph_skin,defect_duplicate_degenerate_tip_row,0
ma8_a10_h40km,12,lower,6594,40,33,0.41250000000000003,1,3.5989965647412401,1.0310269999999999,,degenerate_planform_chord,,,,,1965,0.0001742446693348459,5748,2,0.0061129192959272615,5748,0.0061129192959272615,182,tip,5.9652600056386274e-07,sheet graph-skin terminates at the STL skin/cap boundary; no 81-node rectangular tip row,valid_exclusion_from_graph_skin,defect_duplicate_degenerate_tip_row,0
ma8_a10_h40km,12,lower,6595,40,34,0.42500000000000004,1,3.5989966378318519,1.0310269999999999,,degenerate_planform_chord,,,,,1965,0.00017423197728585064,5748,2,0.0061129072985338321,5748,0.0061129072985338321,182,tip,5.838339581540742e-07,sheet graph-skin terminates at the STL skin/cap boundary; no 81-node rectangular tip row,valid_exclusion_from_graph_skin,defect_duplicate_degenerate_tip_row,0
ma8_a10_h40km,12,lower,6596,40,35,0.4375,1,3.5989967109224636,1.0310269999999999,,degenerate_planform_chord,,,,,1965,0.00017421928523685536,5748,2,0.0061128953019907841,5748,0.0061128953019907841,182,tip,5.7114191574428576e-07,sheet graph-skin terminates at the STL skin/cap boundary; no 81-node rectangular tip row,valid_exclusion_from_graph_skin,defect_duplicate_degenerate_tip_row,0
ma8_a10_h40km,12,lower,6597,40,36,0.45000000000000001,1,3.5989967840130759,1.0310269999999999,,degenerate_planform_chord,,,,,1965,0.00017420659318793721,5748,2,0.0061128833062980515,5748,0.0061128833062980515,182,tip,5.5844987303871077e-07,sheet graph-skin terminates at the STL skin/cap boundary; no 81-node rectangular tip row,valid_exclusion_from_graph_skin,defect_duplicate_degenerate_tip_row,0
ma8_a10_h40km,12,lower,6598,40,37,0.46250000000000002,1,3.5989968571036877,1.0310269999999999,,degenerate_planform_chord,,,,,1965,0.00017419390113894193,5748,2,0.0061128713114557845,5748,0.0061128713114557845,182,tip,5.4575783047469182e-07,sheet graph-skin terminates at the STL skin/cap boundary; no 81-node rectangular tip row,valid_exclusion_from_graph_skin,defect_duplicate_degenerate_tip_row,0
ma8_a10_h40km,12,lower,6599,40,38,0.47500000000000003,1,3.5989969301942994,1.0310269999999999,,degenerate_planform_chord,,,,,1965,0.00017418120908994667,5748,2,0.0061128593174639145,5748,0.0061128593174639145,182,tip,5.3306578784623209e-07,sheet graph-skin terminates at the STL skin/cap boundary; no 81-node rectangular tip row,valid_exclusion_from_graph_skin,defect_duplicate_degenerate_tip_row,0
ma8_a10_h40km,12,lower,6600,40,39,0.48750000000000004,1,3.5989970032849117,1.0310269999999999,,degenerate_planform_chord,,,,,1965,0.0001741685170407327,5748,2,0.0061128473243223756,5748,0.0061128473243223756,182,tip,5.203737453593284e-07,sheet graph-skin terminates at the STL skin/cap boundary; no 81-node rectangular tip row,valid_exclusion_from_graph_skin,defect_duplicate_degenerate_tip_row,0
ma8_a10_h40km,12,lower,6601,40,40,0.5,1,3.5989970763755235,1.0310269999999999,,degenerate_planform_chord,,,,,5739,0.00017415582499173742,5748,2,0.0061128353320313161,5748,0.0061128353320313161,182,tip,5.0768170265375341e-07,sheet graph-skin terminates at the STL skin/cap boundary; no 81-node rectangular tip row,valid_exclusion_from_graph_skin,defect_duplicate_degenerate_tip_row,0
ma8_a10_h40km,12,lower,6602,40,41,0.51250000000000007,1,3.5989971494661352,1.0310269999999999,,degenerate_planform_chord,,,,,5739,0.00017414313294274216,5748,2,0.0061128233405906701,5748,0.0061128233405906701,182,tip,4.9498966016684971e-07,sheet graph-skin terminates at the STL skin/cap boundary; no 81-node rectangular tip row,valid_exclusion_from_graph_skin,defect_duplicate_degenerate_tip_row,0
ma8_a10_h40km,12,lower,6603,40,42,0.52500000000000002,1,3.5989972225567475,1.0310269999999999,,degenerate_planform_chord,,,,,1965,0.00017413044089360533,5748,2,0.0061128113500003682,5748,0.0061128113500003682,182,tip,4.8229761746127472e-07,sheet graph-skin terminates at the STL skin/cap boundary; no 81-node rectangular tip row,valid_exclusion_from_graph_skin,defect_duplicate_degenerate_tip_row,0
ma8_a10_h40km,12,lower,6604,40,43,0.53749999999999998,1,3.5989972956473593,1.0310269999999999,,degenerate_planform_chord,,,,,1965,0.00017411774884461005,5748,2,0.0061127993602605622,5748,0.0061127993602605622,182,tip,4.6960557505148623e-07,sheet graph-skin terminates at the STL skin/cap boundary; no 81-node rectangular tip row,valid_exclusion_from_graph_skin,defect_duplicate_degenerate_tip_row,0
ma8_a10_h40km,12,lower,6605,40,44,0.55000000000000004,1,3.598997368737971,1.0310269999999999,,degenerate_planform_chord,,,,,1965,0.00017410505679553767,5748,2,0.0061127873713711835,5748,0.0061127873713711835,182,tip,4.5691353256458249e-07,sheet graph-skin terminates at the STL skin/cap boundary; no 81-node rectangular tip row,valid_exclusion_from_graph_skin,defect_duplicate_degenerate_tip_row,0
ma8_a10_h40km,12,lower,6606,40,45,0.5625,1,3.5989974418285833,1.0310269999999999,,degenerate_planform_chord,,,,,1965,0.0001740923647466195,5748,2,0.0061127753833321655,5748,0.0061127753833321655,182,tip,4.4422148985900755e-07,sheet graph-skin terminates at the STL skin/cap boundary; no 81-node rectangular tip row,valid_exclusion_from_graph_skin,defect_duplicate_degenerate_tip_row,0
ma8_a10_h40km,12,lower,6607,40,46,0.57500000000000007,1,3.5989975149191951,1.0310269999999999,,degenerate_planform_chord,,,,,1965,0.00017407967269762422,5748,2,0.0061127633961436572,5748,0.0061127633961436572,182,tip,4.315294473721038e-07,sheet graph-skin terminates at the STL skin/cap boundary; no 81-node rectangular tip row,valid_exclusion_from_graph_skin,defect_duplicate_degenerate_tip_row,0
ma8_a10_h40km,12,lower,6608,40,47,0.58750000000000002,1,3.5989975880098068,1.0310269999999999,,degenerate_planform_chord,,,,,1965,0.00017406698064862896,5748,2,0.0061127514098055927,5748,0.0061127514098055927,182,tip,4.1883740466652887e-07,sheet graph-skin terminates at the STL skin/cap boundary; no 81-node rectangular tip row,valid_exclusion_from_graph_skin,defect_duplicate_degenerate_tip_row,0
ma8_a10_h40km,12,lower,6609,40,48,0.60000000000000009,1,3.5989976611004186,1.0310269999999999,,degenerate_planform_chord,,,,,1965,0.00017405428859963368,5748,2,0.0061127394243179747,5748,0.0061127394243179747,182,tip,4.0614536217962512e-07,sheet graph-skin terminates at the STL skin/cap boundary; no 81-node rectangular tip row,valid_exclusion_from_graph_skin,defect_duplicate_degenerate_tip_row,0
ma8_a10_h40km,12,lower,6610,40,49,0.61250000000000004,1,3.5989977341910309,1.0310269999999999,,degenerate_planform_chord,,,,,1965,0.00017404159655041974,5748,2,0.0061127274396807372,5748,0.0061127274396807372,182,tip,3.9345331947405018e-07,sheet graph-skin terminates at the STL skin/cap boundary; no 81-node rectangular tip row,valid_exclusion_from_graph_skin,defect_duplicate_degenerate_tip_row,0
ma8_a10_h40km,12,lower,6611,40,50,0.625,1,3.5989978072816426,1.0310269999999999,,degenerate_planform_chord,,,,,5739,0.00017402890450142445,5748,2,0.0061127154558940303,5748,0.0061127154558940303,182,tip,3.8076127706426164e-07,sheet graph-skin terminates at the STL skin/cap boundary; no 81-node rectangular tip row,valid_exclusion_from_graph_skin,defect_duplicate_degenerate_tip_row,0
ma8_a10_h40km,12,lower,6612,40,51,0.63750000000000007,1,3.5989978803722544,1.0310269999999999,,degenerate_planform_chord,,,,,1965,0.00017401621245250628,5748,2,0.0061127034729577855,5748,0.0061127034729577855,182,tip,3.68069234577358e-07,sheet graph-skin terminates at the STL skin/cap boundary; no 81-node rectangular tip row,valid_exclusion_from_graph_skin,defect_duplicate_degenerate_tip_row,0
ma8_a10_h40km,12,lower,6613,40,52,0.65000000000000002,1,3.5989979534628667,1.0310269999999999,,degenerate_planform_chord,,,,,1965,0.00017400352040329234,5748,2,0.0061126914908719359,5748,0.0061126914908719359,182,tip,3.5537719187178301e-07,sheet graph-skin terminates at the STL skin/cap boundary; no 81-node rectangular tip row,valid_exclusion_from_graph_skin,defect_duplicate_degenerate_tip_row,0
ma8_a10_h40km,12,lower,6614,40,53,0.66250000000000009,1,3.5989980265534784,1.0310269999999999,,degenerate_planform_chord,,,,,1965,0.00017399082835429705,5748,2,0.0061126795096366317,5748,0.0061126795096366317,182,tip,3.4268514938487926e-07,sheet graph-skin terminates at the STL skin/cap boundary; no 81-node rectangular tip row,valid_exclusion_from_graph_skin,defect_duplicate_degenerate_tip_row,0
ma8_a10_h40km,12,lower,6615,40,54,0.67500000000000004,1,3.5989980996440902,1.0310269999999999,,degenerate_planform_chord,,,,,1965,0.0001739781363053018,5748,2,0.006112667529251806,5748,0.006112667529251806,182,tip,3.2999310675641953e-07,sheet graph-skin terminates at the STL skin/cap boundary; no 81-node rectangular tip row,valid_exclusion_from_graph_skin,defect_duplicate_degenerate_tip_row,0
ma8_a10_h40km,12,lower,6616,40,55,0.6875,1,3.598998172734702,1.0310269999999999,,degenerate_planform_chord,,,,,1965,0.00017396544425630651,5748,2,0.0061126555497174623,5748,0.0061126555497174623,182,tip,3.1730106419240058e-07,sheet graph-skin terminates at the STL skin/cap boundary; no 81-node rectangular tip row,valid_exclusion_from_graph_skin,defect_duplicate_degenerate_tip_row,0
ma8_a10_h40km,12,lower,6617,40,56,0.70000000000000007,1,3.5989982458253142,1.0310269999999999,,degenerate_planform_chord,,,,,1965,0.00017395275220731125,5748,2,0.0061126435710335339,5748,0.0061126435710335339,182,tip,3.0460902148682559e-07,sheet graph-skin terminates at the STL skin/cap boundary; no 81-node rectangular tip row,valid_exclusion_from_graph_skin,defect_duplicate_degenerate_tip_row,0
ma8_a10_h40km,12,lower,6618,40,57,0.71250000000000002,1,3.598998318915926,1.0310269999999999,,degenerate_planform_chord,,,,,1965,0.00017394006015831597,5748,2,0.0061126315932001707,5748,0.0061126315932001707,182,tip,2.919169790770371e-07,sheet graph-skin terminates at the STL skin/cap boundary; no 81-node rectangular tip row,valid_exclusion_from_graph_skin,defect_duplicate_degenerate_tip_row,0
ma8_a10_h40km,12,lower,6619,40,58,0.72500000000000009,1,3.5989983920065378,1.0310269999999999,,degenerate_planform_chord,,,,,1965,0.00017392736810910203,5748,2,0.0061126196162173052,5748,0.0061126196162173052,182,tip,2.7922493666724866e-07,sheet graph-skin terminates at the STL skin/cap boundary; no 81-node rectangular tip row,valid_exclusion_from_graph_skin,defect_duplicate_degenerate_tip_row,0
ma8_a10_h40km,12,lower,6620,40,59,0.73750000000000004,1,3.59899846509715,1.0310269999999999,,degenerate_planform_chord,,,,,5739,0.00017391467606010674,5748,2,0.0061126076400848696,5748,0.0061126076400848696,182,tip,2.6653289396167367e-07,sheet graph-skin terminates at the STL skin/cap boundary; no 81-node rectangular tip row,valid_exclusion_from_graph_skin,defect_duplicate_degenerate_tip_row,0
ma8_a10_h40km,12,lower,6621,40,60,0.75,1,3.5989985381877618,1.0310269999999999,,degenerate_planform_chord,,,,,1965,0.0001739019840111886,5748,2,0.0061125956648030149,5748,0.0061125956648030149,182,tip,2.5384085139765472e-07,sheet graph-skin terminates at the STL skin/cap boundary; no 81-node rectangular tip row,valid_exclusion_from_graph_skin,defect_duplicate_degenerate_tip_row,0
ma8_a10_h40km,12,lower,6622,40,61,0.76250000000000007,1,3.5989986112783736,1.0310269999999999,,degenerate_planform_chord,,,,,1965,0.00017388929196219331,5748,2,0.0061125836903716726,5748,0.0061125836903716726,182,tip,2.4114880876919499e-07,sheet graph-skin terminates at the STL skin/cap boundary; no 81-node rectangular tip row,valid_exclusion_from_graph_skin,defect_duplicate_degenerate_tip_row,0
ma8_a10_h40km,12,lower,6623,40,62,0.77500000000000002,1,3.5989986843689858,1.0310269999999999,,degenerate_planform_chord,,,,,1965,0.00017387659991297937,5748,2,0.0061125717167907758,5748,0.0061125717167907758,182,tip,2.2845676628229124e-07,sheet graph-skin terminates at the STL skin/cap boundary; no 81-node rectangular tip row,valid_exclusion_from_graph_skin,defect_duplicate_degenerate_tip_row,0
ma8_a10_h40km,12,lower,6624,40,63,0.78750000000000009,1,3.5989987574595976,1.0310269999999999,,degenerate_planform_chord,,,,,1965,0.00017386390786398409,5748,2,0.0061125597440604739,5748,0.0061125597440604739,182,tip,2.1576472357671628e-07,sheet graph-skin terminates at the STL skin/cap boundary; no 81-node rectangular tip row,valid_exclusion_from_graph_skin,defect_duplicate_degenerate_tip_row,0
ma8_a10_h40km,12,lower,6625,40,64,0.80000000000000004,1,3.5989988305502094,1.0310269999999999,,degenerate_planform_chord,,,,,5739,0.0001738512158149888,5748,2,0.0061125477721806999,5748,0.0061125477721806999,182,tip,2.0307268108981256e-07,sheet graph-skin terminates at the STL skin/cap boundary; no 81-node rectangular tip row,valid_exclusion_from_graph_skin,defect_duplicate_degenerate_tip_row,0
ma8_a10_h40km,12,lower,6626,40,65,0.8125,1,3.5989989036408216,1.0310269999999999,,degenerate_planform_chord,,,,,1965,0.00017383852376599355,5748,2,0.0061125358011513862,5748,0.0061125358011513862,182,tip,1.903806383842376e-07,sheet graph-skin terminates at the STL skin/cap boundary; no 81-node rectangular tip row,valid_exclusion_from_graph_skin,defect_duplicate_degenerate_tip_row,0
ma8_a10_h40km,12,lower,6627,40,66,0.82500000000000007,1,3.5989989767314334,1.0310269999999999,,degenerate_planform_chord,,,,,1965,0.00017382583171699826,5748,2,0.0061125238309726821,5748,0.0061125238309726821,182,tip,1.7768859597444911e-07,sheet graph-skin terminates at the STL skin/cap boundary; no 81-node rectangular tip row,valid_exclusion_from_graph_skin,defect_duplicate_degenerate_tip_row,0
ma8_a10_h40km,12,lower,6628,40,67,0.83750000000000002,1,3.5989990498220452,1.0310269999999999,,degenerate_planform_chord,,,,,1965,0.00017381313966778432,5748,2,0.0061125118616445215,5748,0.0061125118616445215,182,tip,1.6499655348754541e-07,sheet graph-skin terminates at the STL skin/cap boundary; no 81-node rectangular tip row,valid_exclusion_from_graph_skin,defect_duplicate_degenerate_tip_row,0
ma8_a10_h40km,12,lower,6629,40,68,0.85000000000000009,1,3.598999122912657,1.0310269999999999,,degenerate_planform_chord,,,,,1965,0.00017380044761878904,5748,2,0.006112499893166908,5748,0.006112499893166908,182,tip,1.5230451078197042e-07,sheet graph-skin terminates at the STL skin/cap boundary; no 81-node rectangular tip row,valid_exclusion_from_graph_skin,defect_duplicate_degenerate_tip_row,0
ma8_a10_h40km,12,lower,6630,40,69,0.86250000000000004,1,3.5989991960032692,1.0310269999999999,,degenerate_planform_chord,,,,,1965,0.00017378775556987089,5748,2,0.0061124879255397748,5748,0.0061124879255397748,182,tip,1.396124682950667e-07,sheet graph-skin terminates at the STL skin/cap boundary; no 81-node rectangular tip row,valid_exclusion_from_graph_skin,defect_duplicate_degenerate_tip_row,0
ma8_a10_h40km,12,lower,6631,40,70,0.875,1,3.598999269093881,1.0310269999999999,,degenerate_planform_chord,,,,,1965,0.00017377506352087561,5748,2,0.0061124759587632719,5748,0.0061124759587632719,182,tip,1.2692042558949174e-07,sheet graph-skin terminates at the STL skin/cap boundary; no 81-node rectangular tip row,valid_exclusion_from_graph_skin,defect_duplicate_degenerate_tip_row,0
ma8_a10_h40km,12,lower,6632,40,71,0.88750000000000007,1,3.5989993421844928,1.0310269999999999,,degenerate_planform_chord,,,,,1965,0.00017376237147166167,5748,2,0.0061124639928373317,5748,0.0061124639928373317,182,tip,1.1422838310258802e-07,sheet graph-skin terminates at the STL skin/cap boundary; no 81-node rectangular tip row,valid_exclusion_from_graph_skin,defect_duplicate_degenerate_tip_row,0
ma8_a10_h40km,12,lower,6633,40,72,0.90000000000000002,1,3.598999415275105,1.0310269999999999,,degenerate_planform_chord,,,,,1965,0.00017374967942266638,5748,2,0.0061124520277618865,5748,0.0061124520277618865,182,tip,1.0153634047412827e-07,sheet graph-skin terminates at the STL skin/cap boundary; no 81-node rectangular tip row,valid_exclusion_from_graph_skin,defect_duplicate_degenerate_tip_row,0
ma8_a10_h40km,12,lower,6634,40,73,0.91250000000000009,1,3.5989994883657168,1.0310269999999999,,degenerate_planform_chord,,,,,1965,0.00017373698737367112,5748,2,0.0061124400635370864,5748,0.0061124400635370864,182,tip,8.8844297987224553e-08,sheet graph-skin terminates at the STL skin/cap boundary; no 81-node rectangular tip row,valid_exclusion_from_graph_skin,defect_duplicate_degenerate_tip_row,0
ma8_a10_h40km,12,lower,6635,40,74,0.92500000000000004,1,3.5989995614563286,1.0310269999999999,,degenerate_planform_chord,,,,,5739,0.00017372429532467584,5748,2,0.0061124281001628646,5748,0.0061124281001628646,182,tip,7.6152255500320833e-08,sheet graph-skin terminates at the STL skin/cap boundary; no 81-node rectangular tip row,valid_exclusion_from_graph_skin,defect_duplicate_degenerate_tip_row,0
ma8_a10_h40km,12,lower,6636,40,75,0.9375,1,3.5989996345469404,1.0310269999999999,,degenerate_planform_chord,,,,,5739,0.00017371160327568058,5748,2,0.0061124161376392254,5748,0.0061124161376392254,182,tip,6.346021279474587e-08,sheet graph-skin terminates at the STL skin/cap boundary; no 81-node rectangular tip row,valid_exclusion_from_graph_skin,defect_duplicate_degenerate_tip_row,0
ma8_a10_h40km,12,lower,6637,40,76,0.95000000000000007,1,3.5989997076375526,1.0310269999999999,,degenerate_planform_chord,,,,,1965,0.00017369891122654373,5748,2,0.0061124041759661003,5748,0.0061124041759661003,182,tip,5.0768170307842143e-08,sheet graph-skin terminates at the STL skin/cap boundary; no 81-node rectangular tip row,valid_exclusion_from_graph_skin,defect_duplicate_degenerate_tip_row,0
ma8_a10_h40km,12,lower,6638,40,77,0.96250000000000002,1,3.5989997807281644,1.0310269999999999,,degenerate_planform_chord,,,,,1965,0.00017368621917754847,5748,2,0.006112392215143642,5748,0.006112392215143642,182,tip,3.8076127679382403e-08,sheet graph-skin terminates at the STL skin/cap boundary; no 81-node rectangular tip row,valid_exclusion_from_graph_skin,defect_duplicate_degenerate_tip_row,0
ma8_a10_h40km,12,lower,6639,40,78,0.97500000000000009,1,3.5989998538187762,1.0310269999999999,,degenerate_planform_chord,,,,,1965,0.00017367352712855318,5748,2,0.0061123802551717801,5748,0.0061123802551717801,182,tip,2.5384085192478686e-08,sheet graph-skin terminates at the STL skin/cap boundary; no 81-node rectangular tip row,valid_exclusion_from_graph_skin,defect_duplicate_degenerate_tip_row,0
ma8_a10_h40km,12,lower,6640,40,79,0.98750000000000004,1,3.5989999269093884,1.0310269999999999,,degenerate_planform_chord,,,,,1965,0.0001736608350795579,5748,2,0.0061123682960504489,5748,0.0061123682960504489,182,tip,1.2692042486903718e-08,sheet graph-skin terminates at the STL skin/cap boundary; no 81-node rectangular tip row,valid_exclusion_from_graph_skin,defect_duplicate_degenerate_tip_row,0
ma8_a10_h40km,12,lower,6641,40,80,1,1,3.5990000000000002,1.0310269999999999,,degenerate_planform_chord,,,,,1965,0.00017364814303034399,5748,2,0.0061123563377797974,5748,0.0061123563377797974,182,tip,0,sheet graph-skin terminates at the STL skin/cap boundary; no 81-node rectangular tip row,valid_exclusion_from_graph_skin,defect_duplicate_degenerate_tip_row,0
