case_id,region,count,q_fluent_mean,q_v1_mean,q_v2_mean,q_ratio_v1,q_ratio_v2,q_mae_v1,q_mae_v2,q_rmse_v1,q_rmse_v2,q_bias_v1,q_bias_v2,p_ratio_v2,cp_ratio_v2,w_tr_mean,q_lam_mean,q_turb_mean
ma6_a5_h30km,true_nose_cap,3530,165104.5919182068,540397.4669440651,401770.647516529,3.4265575285420744,2.3545684555196558,377605.25194790977,264585.81630544405,453631.28760274994,367977.10946256627,375292.8750258582,236666.05559832213,0.7205251539065023,0.6834693239100397,0.0,295499.005889313,665687.3929106565
ma6_a5_h30km,leading_edge_near,5264,144555.00983029066,173678.80954026742,48787.434848550954,1.5724425636285728,0.4975104505122761,80955.47636910602,109879.16829112526,115421.58290900728,131060.03413538233,29123.799709976778,-95767.57498173969,1.102933199370121,1.2341739246315901,0.19281914893617022,157159.6078801772,501980.76374767825
ma6_a5_h30km,aft_body,653,65421.85643076571,246568.08658948212,100953.44345792,3.818395160261212,1.563875634211754,181146.23015871638,35531.587027154324,181392.94958757274,36247.93768956912,181146.23015871638,35531.587027154324,1.4430426129010259,1.7546837437302076,1.0,25769.739667887716,246568.08658948212
ma6_a5_h30km,windward_body,969,61401.95327975233,280082.13709625596,118481.35935301709,4.757003064562304,2.0208090060297774,218694.49859742195,59727.533958790475,234043.59069500354,66334.76239065899,218680.1838165037,57079.40607326478,1.440975345137772,1.7447497925817699,0.8844169246646026,48509.45680077591,321578.80321388977
