case_id,region,count,q_fluent_mean,q_v1_mean,q_v2_mean,q_ratio_v1,q_ratio_v2,q_mae_v1,q_mae_v2,q_rmse_v1,q_rmse_v2,q_bias_v1,q_bias_v2,p_ratio_v2,cp_ratio_v2,w_tr_mean,q_lam_mean,q_turb_mean
ma8_a5_h30km,true_nose_cap,3530,379888.78810365434,1340457.7125924714,977615.980233019,3.6865022596648256,2.4591096653345303,962546.8129941138,646914.7927789089,1142440.7003240832,903685.862510671,960568.9244888169,597727.1921293646,0.7132124272057069,0.6937335415686638,0.0,751691.1440295441,1792049.3000540049
ma8_a5_h30km,leading_edge_near,5264,330507.0404875627,461749.09732379497,124193.79954410646,1.9877368427708626,0.6049559876856787,229923.79368603815,258967.51798012413,341544.8767441205,310347.06626908254,131242.05683623228,-206313.2409434562,1.1909272013316783,1.3139866657573613,0.20687689969604864,400127.5562585208,1354383.782781074
ma8_a5_h30km,aft_body,653,136581.77579828486,661005.06216748,251884.09184200905,4.939145682595453,1.8814065927757007,524423.2863691951,115302.31604372422,525104.7231516853,116800.51767281118,524423.2863691951,115302.31604372422,1.6673275861879966,1.9622519741281288,1.0,65427.86417457849,661005.06216748
ma8_a5_h30km,windward_body,969,124794.77569974201,767259.1743562265,301191.3039557068,6.464043434045316,2.548046282437446,642464.3986564847,177840.58508286756,679311.4703682248,194402.37813452646,642464.3986564847,176396.52825596486,1.6733756169542828,1.9686166993943677,0.9029927760577915,123481.62649204882,865547.470015568
