{
  "ma6_a5_h30km": {
    "leading_edge_near": {
      "valid_count": 320,
      "q_A0_mean": 144843.79090603994,
      "q_DN_mean": 144843.79090603994,
      "diff_abs_mean": 0.0,
      "diff_pct_mean": 0.0,
      "q_A0_median": 126535.76898304041,
      "q_DN_median": 126535.76898304041,
      "diff_pct_median": 0.0,
      "q_A0_min": 56150.02350056534,
      "q_A0_max": 745222.7326097641,
      "q_DN_min": 56150.02350056534,
      "q_DN_max": 745222.7326097641,
      "mask_consistent": true
    },
    "windward_body": {
      "valid_count": 2240,
      "q_A0_mean": 55148.020752672026,
      "q_DN_mean": 46347.83575817456,
      "diff_abs_mean": -8800.184994497467,
      "diff_pct_mean": -15.957390445551178,
      "q_A0_median": 39958.96606091746,
      "q_DN_median": 37414.27428535509,
      "diff_pct_median": -6.368262311099314,
      "q_A0_min": 23929.596061305045,
      "q_A0_max": 261778.58324568128,
      "q_DN_min": 23738.918950375733,
      "q_DN_max": 261778.58324568128,
      "mask_consistent": true
    },
    "aft_body": {
      "valid_count": 680,
      "q_A0_mean": 75132.89950563817,
      "q_DN_mean": 45588.16222445362,
      "diff_abs_mean": -29544.737281184556,
      "diff_pct_mean": -39.32330240891002,
      "q_A0_median": 47997.55426290148,
      "q_DN_median": 31655.674062425107,
      "diff_pct_median": -34.04731855911964,
      "q_A0_min": 23645.23931464052,
      "q_A0_max": 135832.80267211833,
      "q_DN_min": 23382.97083502597,
      "q_DN_max": 115578.52834540648,
      "mask_consistent": true
    },
    "global_valid_windward": {
      "valid_count": 3240,
      "q_A0_mean": 68201.219518442,
      "q_DN_mean": 55916.39367310872,
      "diff_abs_mean": -12284.825845333284,
      "diff_pct_mean": -18.012619029504886,
      "q_A0_median": 44212.70979544005,
      "q_DN_median": 38893.454652744986,
      "diff_pct_median": -12.031054344566948,
      "q_A0_min": 23645.23931464052,
      "q_A0_max": 745222.7326097641,
      "q_DN_min": 23382.97083502597,
      "q_DN_max": 745222.7326097641,
      "mask_consistent": true
    }
  },
  "ma8_a5_h30km": {
    "leading_edge_near": {
      "valid_count": 320,
      "q_A0_mean": 393930.977796422,
      "q_DN_mean": 393930.977796422,
      "diff_abs_mean": 0.0,
      "diff_pct_mean": 0.0,
      "q_A0_median": 346008.7145149807,
      "q_DN_median": 346008.7145149807,
      "diff_pct_median": 0.0,
      "q_A0_min": 155112.41890655967,
      "q_A0_max": 1844349.0427603293,
      "q_DN_min": 155112.41890655967,
      "q_DN_max": 1844349.0427603293,
      "mask_consistent": true
    },
    "windward_body": {
      "valid_count": 2240,
      "q_A0_mean": 131348.29938267983,
      "q_DN_mean": 124020.16247485134,
      "diff_abs_mean": -7328.136907828496,
      "diff_pct_mean": -5.57916390411585,
      "q_A0_median": 101798.69023822258,
      "q_DN_median": 99082.17455268855,
      "diff_pct_median": -2.668517324905675,
      "q_A0_min": 58729.030902742445,
      "q_A0_max": 722898.4984497966,
      "q_DN_min": 58261.06303936838,
      "q_DN_max": 722898.4984497966,
      "mask_consistent": true
    },
    "aft_body": {
      "valid_count": 680,
      "q_A0_mean": 148474.23397839037,
      "q_DN_mean": 93461.54589058779,
      "diff_abs_mean": -55012.6880878026,
      "diff_pct_mean": -37.052010044927655,
      "q_A0_median": 81225.82818350477,
      "q_DN_median": 76013.13532060522,
      "diff_pct_median": -6.417531196016957,
      "q_A0_min": 57663.734361618706,
      "q_A0_max": 350539.68631687545,
      "q_DN_min": 57302.20268253859,
      "q_DN_max": 255583.21518171125,
      "mask_consistent": true
    },
    "global_valid_windward": {
      "valid_count": 3240,
      "q_A0_mean": 160876.7230300504,
      "q_DN_mean": 144264.4839642351,
      "diff_abs_mean": -16612.23906581531,
      "diff_pct_mean": -10.326067533531425,
      "q_A0_median": 105226.86862739394,
      "q_DN_median": 98992.52858090182,
      "diff_pct_median": -5.9246655610058845,
      "q_A0_min": 57663.734361618706,
      "q_A0_max": 1844349.0427603293,
      "q_DN_min": 57302.20268253859,
      "q_DN_max": 1844349.0427603293,
      "mask_consistent": true
    }
  }
}